"* title","* path","* release_date","* update_date","* article_summary","* article_keywords"
"Page 0/1000","/page/page_0_1000.html","2023-01-01","2023-01-01",,
"Page 1/1000","/page/page_1_1000.html","2023-01-02","2023-01-02",,
"Page 2/1000","/page/page_2_1000.html","2023-01-03","2023-01-03",,
"Page 3/1000","/page/page_3_1000.html","2023-01-04","2023-01-04",,
"Page 4/1000","/page/page_4_1000.html","2023-01-05","2023-01-05",,
"Page 5/1000","/page/page_5_1000.html","2023-01-06","2023-01-06",,
"Page 6/1000","/page/page_6_1000.html","2023-01-07","2023-01-07",,
"Page 7/1000","/page/page_7_1000.html","2023-01-08","2023-01-08",,
"Page 8/1000","/page/page_8_1000.html","2023-01-09","2023-01-09",,
"Page 9/1000","/page/page_9_1000.html","2023-01-10","2023-01-10",,
"Page 10/1000","/page/page_10_1000.html","2023-01-11","2023-01-11",,
"Page 11/1000","/page/page_11_1000.html","2023-01-12","2023-01-12",,
"Page 12/1000","/page/page_12_1000.html","2023-01-13","2023-01-13",,
"Page 13/1000","/page/page_13_1000.html","2023-01-14","2023-01-14",,
"Page 14/1000","/page/page_14_1000.html","2023-01-15","2023-01-15",,
"Page 15/1000","/page/page_15_1000.html","2023-01-16","2023-01-16",,
"Page 16/1000","/page/page_16_1000.html","2023-01-17","2023-01-17",,
"Page 17/1000","/page/page_17_1000.html","2023-01-18","2023-01-18",,
"Page 18/1000","/page/page_18_1000.html","2023-01-19","2023-01-19",,
"Page 19/1000","/page/page_19_1000.html","2023-01-20","2023-01-20",,
"Page 20/1000","/page/page_20_1000.html","2023-01-21","2023-01-21",,
"Page 21/1000","/page/page_21_1000.html","2023-01-22","2023-01-22",,
"Page 22/1000","/page/page_22_1000.html","2023-01-23","2023-01-23",,
"Page 23/1000","/page/page_23_1000.html","2023-01-24","2023-01-24",,
"Page 24/1000","/page/page_24_1000.html","2023-01-25","2023-01-25",,
"Page 25/1000","/page/page_25_1000.html","2023-01-26","2023-01-26",,
"Page 26/1000","/page/page_26_1000.html","2023-01-27","2023-01-27",,
"Page 27/1000","/page/page_27_1000.html","2023-01-28","2023-01-28",,
"Page 28/1000","/page/page_28_1000.html","2023-01-29","2023-01-29",,
"Page 29/1000","/page/page_29_1000.html","2023-01-30","2023-01-30",,
"Page 30/1000","/page/page_30_1000.html","2023-01-31","2023-01-31",,
"Page 31/1000","/page/page_31_1000.html","2023-02-01","2023-02-01",,
"Page 32/1000","/page/page_32_1000.html","2023-02-02","2023-02-02",,
"Page 33/1000","/page/page_33_1000.html","2023-02-03","2023-02-03",,
"Page 34/1000","/page/page_34_1000.html","2023-02-04","2023-02-04",,
"Page 35/1000","/page/page_35_1000.html","2023-02-05","2023-02-05",,
"Page 36/1000","/page/page_36_1000.html","2023-02-06","2023-02-06",,
"Page 37/1000","/page/page_37_1000.html","2023-02-07","2023-02-07",,
"Page 38/1000","/page/page_38_1000.html","2023-02-08","2023-02-08",,
"Page 39/1000","/page/page_39_1000.html","2023-02-09","2023-02-09",,
"Page 40/1000","/page/page_40_1000.html","2023-02-10","2023-02-10",,
"Page 41/1000","/page/page_41_1000.html","2023-02-11","2023-02-11",,
"Page 42/1000","/page/page_42_1000.html","2023-02-12","2023-02-12",,
"Page 43/1000","/page/page_43_1000.html","2023-02-13","2023-02-13",,
"Page 44/1000","/page/page_44_1000.html","2023-02-14","2023-02-14",,
"Page 45/1000","/page/page_45_1000.html","2023-02-15","2023-02-15",,
"Page 46/1000","/page/page_46_1000.html","2023-02-16","2023-02-16",,
"Page 47/1000","/page/page_47_1000.html","2023-02-17","2023-02-17",,
"Page 48/1000","/page/page_48_1000.html","2023-02-18","2023-02-18",,
"Page 49/1000","/page/page_49_1000.html","2023-02-19","2023-02-19",,
"Page 50/1000","/page/page_50_1000.html","2023-02-20","2023-02-20",,
"Page 51/1000","/page/page_51_1000.html","2023-02-21","2023-02-21",,
"Page 52/1000","/page/page_52_1000.html","2023-02-22","2023-02-22",,
"Page 53/1000","/page/page_53_1000.html","2023-02-23","2023-02-23",,
"Page 54/1000","/page/page_54_1000.html","2023-02-24","2023-02-24",,
"Page 55/1000","/page/page_55_1000.html","2023-02-25","2023-02-25",,
"Page 56/1000","/page/page_56_1000.html","2023-02-26","2023-02-26",,
"Page 57/1000","/page/page_57_1000.html","2023-02-27","2023-02-27",,
"Page 58/1000","/page/page_58_1000.html","2023-02-28","2023-02-28",,
"Page 59/1000","/page/page_59_1000.html","2023-03-01","2023-03-01",,
"Page 60/1000","/page/page_60_1000.html","2023-03-02","2023-03-02",,
"Page 61/1000","/page/page_61_1000.html","2023-03-03","2023-03-03",,
"Page 62/1000","/page/page_62_1000.html","2023-03-04","2023-03-04",,
"Page 63/1000","/page/page_63_1000.html","2023-03-05","2023-03-05",,
"Page 64/1000","/page/page_64_1000.html","2023-03-06","2023-03-06",,
"Page 65/1000","/page/page_65_1000.html","2023-03-07","2023-03-07",,
"Page 66/1000","/page/page_66_1000.html","2023-03-08","2023-03-08",,
"Page 67/1000","/page/page_67_1000.html","2023-03-09","2023-03-09",,
"Page 68/1000","/page/page_68_1000.html","2023-03-10","2023-03-10",,
"Page 69/1000","/page/page_69_1000.html","2023-03-11","2023-03-11",,
"Page 70/1000","/page/page_70_1000.html","2023-03-12","2023-03-12",,
"Page 71/1000","/page/page_71_1000.html","2023-03-13","2023-03-13",,
"Page 72/1000","/page/page_72_1000.html","2023-03-14","2023-03-14",,
"Page 73/1000","/page/page_73_1000.html","2023-03-15","2023-03-15",,
"Page 74/1000","/page/page_74_1000.html","2023-03-16","2023-03-16",,
"Page 75/1000","/page/page_75_1000.html","2023-03-17","2023-03-17",,
"Page 76/1000","/page/page_76_1000.html","2023-03-18","2023-03-18",,
"Page 77/1000","/page/page_77_1000.html","2023-03-19","2023-03-19",,
"Page 78/1000","/page/page_78_1000.html","2023-03-20","2023-03-20",,
"Page 79/1000","/page/page_79_1000.html","2023-03-21","2023-03-21",,
"Page 80/1000","/page/page_80_1000.html","2023-03-22","2023-03-22",,
"Page 81/1000","/page/page_81_1000.html","2023-03-23","2023-03-23",,
"Page 82/1000","/page/page_82_1000.html","2023-03-24","2023-03-24",,
"Page 83/1000","/page/page_83_1000.html","2023-03-25","2023-03-25",,
"Page 84/1000","/page/page_84_1000.html","2023-03-26","2023-03-26",,
"Page 85/1000","/page/page_85_1000.html","2023-03-27","2023-03-27",,
"Page 86/1000","/page/page_86_1000.html","2023-03-28","2023-03-28",,
"Page 87/1000","/page/page_87_1000.html","2023-03-29","2023-03-29",,
"Page 88/1000","/page/page_88_1000.html","2023-03-30","2023-03-30",,
"Page 89/1000","/page/page_89_1000.html","2023-03-31","2023-03-31",,
"Page 90/1000","/page/page_90_1000.html","2023-04-01","2023-04-01",,
"Page 91/1000","/page/page_91_1000.html","2023-04-02","2023-04-02",,
"Page 92/1000","/page/page_92_1000.html","2023-04-03","2023-04-03",,
"Page 93/1000","/page/page_93_1000.html","2023-04-04","2023-04-04",,
"Page 94/1000","/page/page_94_1000.html","2023-04-05","2023-04-05",,
"Page 95/1000","/page/page_95_1000.html","2023-04-06","2023-04-06",,
"Page 96/1000","/page/page_96_1000.html","2023-04-07","2023-04-07",,
"Page 97/1000","/page/page_97_1000.html","2023-04-08","2023-04-08",,
"Page 98/1000","/page/page_98_1000.html","2023-04-09","2023-04-09",,
"Page 99/1000","/page/page_99_1000.html","2023-04-10","2023-04-10",,
"Page 100/1000","/page/page_100_1000.html","2023-04-11","2023-04-11",,
"Page 101/1000","/page/page_101_1000.html","2023-04-12","2023-04-12",,
"Page 102/1000","/page/page_102_1000.html","2023-04-13","2023-04-13",,
"Page 103/1000","/page/page_103_1000.html","2023-04-14","2023-04-14",,
"Page 104/1000","/page/page_104_1000.html","2023-04-15","2023-04-15",,
"Page 105/1000","/page/page_105_1000.html","2023-04-16","2023-04-16",,
"Page 106/1000","/page/page_106_1000.html","2023-04-17","2023-04-17",,
"Page 107/1000","/page/page_107_1000.html","2023-04-18","2023-04-18",,
"Page 108/1000","/page/page_108_1000.html","2023-04-19","2023-04-19",,
"Page 109/1000","/page/page_109_1000.html","2023-04-20","2023-04-20",,
"Page 110/1000","/page/page_110_1000.html","2023-04-21","2023-04-21",,
"Page 111/1000","/page/page_111_1000.html","2023-04-22","2023-04-22",,
"Page 112/1000","/page/page_112_1000.html","2023-04-23","2023-04-23",,
"Page 113/1000","/page/page_113_1000.html","2023-04-24","2023-04-24",,
"Page 114/1000","/page/page_114_1000.html","2023-04-25","2023-04-25",,
"Page 115/1000","/page/page_115_1000.html","2023-04-26","2023-04-26",,
"Page 116/1000","/page/page_116_1000.html","2023-04-27","2023-04-27",,
"Page 117/1000","/page/page_117_1000.html","2023-04-28","2023-04-28",,
"Page 118/1000","/page/page_118_1000.html","2023-04-29","2023-04-29",,
"Page 119/1000","/page/page_119_1000.html","2023-04-30","2023-04-30",,
"Page 120/1000","/page/page_120_1000.html","2023-05-01","2023-05-01",,
"Page 121/1000","/page/page_121_1000.html","2023-05-02","2023-05-02",,
"Page 122/1000","/page/page_122_1000.html","2023-05-03","2023-05-03",,
"Page 123/1000","/page/page_123_1000.html","2023-05-04","2023-05-04",,
"Page 124/1000","/page/page_124_1000.html","2023-05-05","2023-05-05",,
"Page 125/1000","/page/page_125_1000.html","2023-05-06","2023-05-06",,
"Page 126/1000","/page/page_126_1000.html","2023-05-07","2023-05-07",,
"Page 127/1000","/page/page_127_1000.html","2023-05-08","2023-05-08",,
"Page 128/1000","/page/page_128_1000.html","2023-05-09","2023-05-09",,
"Page 129/1000","/page/page_129_1000.html","2023-05-10","2023-05-10",,
"Page 130/1000","/page/page_130_1000.html","2023-05-11","2023-05-11",,
"Page 131/1000","/page/page_131_1000.html","2023-05-12","2023-05-12",,
"Page 132/1000","/page/page_132_1000.html","2023-05-13","2023-05-13",,
"Page 133/1000","/page/page_133_1000.html","2023-05-14","2023-05-14",,
"Page 134/1000","/page/page_134_1000.html","2023-05-15","2023-05-15",,
"Page 135/1000","/page/page_135_1000.html","2023-05-16","2023-05-16",,
"Page 136/1000","/page/page_136_1000.html","2023-05-17","2023-05-17",,
"Page 137/1000","/page/page_137_1000.html","2023-05-18","2023-05-18",,
"Page 138/1000","/page/page_138_1000.html","2023-05-19","2023-05-19",,
"Page 139/1000","/page/page_139_1000.html","2023-05-20","2023-05-20",,
"Page 140/1000","/page/page_140_1000.html","2023-05-21","2023-05-21",,
"Page 141/1000","/page/page_141_1000.html","2023-05-22","2023-05-22",,
"Page 142/1000","/page/page_142_1000.html","2023-05-23","2023-05-23",,
"Page 143/1000","/page/page_143_1000.html","2023-05-24","2023-05-24",,
"Page 144/1000","/page/page_144_1000.html","2023-05-25","2023-05-25",,
"Page 145/1000","/page/page_145_1000.html","2023-05-26","2023-05-26",,
"Page 146/1000","/page/page_146_1000.html","2023-05-27","2023-05-27",,
"Page 147/1000","/page/page_147_1000.html","2023-05-28","2023-05-28",,
"Page 148/1000","/page/page_148_1000.html","2023-05-29","2023-05-29",,
"Page 149/1000","/page/page_149_1000.html","2023-05-30","2023-05-30",,
"Page 150/1000","/page/page_150_1000.html","2023-05-31","2023-05-31",,
"Page 151/1000","/page/page_151_1000.html","2023-06-01","2023-06-01",,
"Page 152/1000","/page/page_152_1000.html","2023-06-02","2023-06-02",,
"Page 153/1000","/page/page_153_1000.html","2023-06-03","2023-06-03",,
"Page 154/1000","/page/page_154_1000.html","2023-06-04","2023-06-04",,
"Page 155/1000","/page/page_155_1000.html","2023-06-05","2023-06-05",,
"Page 156/1000","/page/page_156_1000.html","2023-06-06","2023-06-06",,
"Page 157/1000","/page/page_157_1000.html","2023-06-07","2023-06-07",,
"Page 158/1000","/page/page_158_1000.html","2023-06-08","2023-06-08",,
"Page 159/1000","/page/page_159_1000.html","2023-06-09","2023-06-09",,
"Page 160/1000","/page/page_160_1000.html","2023-06-10","2023-06-10",,
"Page 161/1000","/page/page_161_1000.html","2023-06-11","2023-06-11",,
"Page 162/1000","/page/page_162_1000.html","2023-06-12","2023-06-12",,
"Page 163/1000","/page/page_163_1000.html","2023-06-13","2023-06-13",,
"Page 164/1000","/page/page_164_1000.html","2023-06-14","2023-06-14",,
"Page 165/1000","/page/page_165_1000.html","2023-06-15","2023-06-15",,
"Page 166/1000","/page/page_166_1000.html","2023-06-16","2023-06-16",,
"Page 167/1000","/page/page_167_1000.html","2023-06-17","2023-06-17",,
"Page 168/1000","/page/page_168_1000.html","2023-06-18","2023-06-18",,
"Page 169/1000","/page/page_169_1000.html","2023-06-19","2023-06-19",,
"Page 170/1000","/page/page_170_1000.html","2023-06-20","2023-06-20",,
"Page 171/1000","/page/page_171_1000.html","2023-06-21","2023-06-21",,
"Page 172/1000","/page/page_172_1000.html","2023-06-22","2023-06-22",,
"Page 173/1000","/page/page_173_1000.html","2023-06-23","2023-06-23",,
"Page 174/1000","/page/page_174_1000.html","2023-06-24","2023-06-24",,
"Page 175/1000","/page/page_175_1000.html","2023-06-25","2023-06-25",,
"Page 176/1000","/page/page_176_1000.html","2023-06-26","2023-06-26",,
"Page 177/1000","/page/page_177_1000.html","2023-06-27","2023-06-27",,
"Page 178/1000","/page/page_178_1000.html","2023-06-28","2023-06-28",,
"Page 179/1000","/page/page_179_1000.html","2023-06-29","2023-06-29",,
"Page 180/1000","/page/page_180_1000.html","2023-06-30","2023-06-30",,
"Page 181/1000","/page/page_181_1000.html","2023-07-01","2023-07-01",,
"Page 182/1000","/page/page_182_1000.html","2023-07-02","2023-07-02",,
"Page 183/1000","/page/page_183_1000.html","2023-07-03","2023-07-03",,
"Page 184/1000","/page/page_184_1000.html","2023-07-04","2023-07-04",,
"Page 185/1000","/page/page_185_1000.html","2023-07-05","2023-07-05",,
"Page 186/1000","/page/page_186_1000.html","2023-07-06","2023-07-06",,
"Page 187/1000","/page/page_187_1000.html","2023-07-07","2023-07-07",,
"Page 188/1000","/page/page_188_1000.html","2023-07-08","2023-07-08",,
"Page 189/1000","/page/page_189_1000.html","2023-07-09","2023-07-09",,
"Page 190/1000","/page/page_190_1000.html","2023-07-10","2023-07-10",,
"Page 191/1000","/page/page_191_1000.html","2023-07-11","2023-07-11",,
"Page 192/1000","/page/page_192_1000.html","2023-07-12","2023-07-12",,
"Page 193/1000","/page/page_193_1000.html","2023-07-13","2023-07-13",,
"Page 194/1000","/page/page_194_1000.html","2023-07-14","2023-07-14",,
"Page 195/1000","/page/page_195_1000.html","2023-07-15","2023-07-15",,
"Page 196/1000","/page/page_196_1000.html","2023-07-16","2023-07-16",,
"Page 197/1000","/page/page_197_1000.html","2023-07-17","2023-07-17",,
"Page 198/1000","/page/page_198_1000.html","2023-07-18","2023-07-18",,
"Page 199/1000","/page/page_199_1000.html","2023-07-19","2023-07-19",,
"Page 200/1000","/page/page_200_1000.html","2023-07-20","2023-07-20",,
"Page 201/1000","/page/page_201_1000.html","2023-07-21","2023-07-21",,
"Page 202/1000","/page/page_202_1000.html","2023-07-22","2023-07-22",,
"Page 203/1000","/page/page_203_1000.html","2023-07-23","2023-07-23",,
"Page 204/1000","/page/page_204_1000.html","2023-07-24","2023-07-24",,
"Page 205/1000","/page/page_205_1000.html","2023-07-25","2023-07-25",,
"Page 206/1000","/page/page_206_1000.html","2023-07-26","2023-07-26",,
"Page 207/1000","/page/page_207_1000.html","2023-07-27","2023-07-27",,
"Page 208/1000","/page/page_208_1000.html","2023-07-28","2023-07-28",,
"Page 209/1000","/page/page_209_1000.html","2023-07-29","2023-07-29",,
"Page 210/1000","/page/page_210_1000.html","2023-07-30","2023-07-30",,
"Page 211/1000","/page/page_211_1000.html","2023-07-31","2023-07-31",,
"Page 212/1000","/page/page_212_1000.html","2023-08-01","2023-08-01",,
"Page 213/1000","/page/page_213_1000.html","2023-08-02","2023-08-02",,
"Page 214/1000","/page/page_214_1000.html","2023-08-03","2023-08-03",,
"Page 215/1000","/page/page_215_1000.html","2023-08-04","2023-08-04",,
"Page 216/1000","/page/page_216_1000.html","2023-08-05","2023-08-05",,
"Page 217/1000","/page/page_217_1000.html","2023-08-06","2023-08-06",,
"Page 218/1000","/page/page_218_1000.html","2023-08-07","2023-08-07",,
"Page 219/1000","/page/page_219_1000.html","2023-08-08","2023-08-08",,
"Page 220/1000","/page/page_220_1000.html","2023-08-09","2023-08-09",,
"Page 221/1000","/page/page_221_1000.html","2023-08-10","2023-08-10",,
"Page 222/1000","/page/page_222_1000.html","2023-08-11","2023-08-11",,
"Page 223/1000","/page/page_223_1000.html","2023-08-12","2023-08-12",,
"Page 224/1000","/page/page_224_1000.html","2023-08-13","2023-08-13",,
"Page 225/1000","/page/page_225_1000.html","2023-08-14","2023-08-14",,
"Page 226/1000","/page/page_226_1000.html","2023-08-15","2023-08-15",,
"Page 227/1000","/page/page_227_1000.html","2023-08-16","2023-08-16",,
"Page 228/1000","/page/page_228_1000.html","2023-08-17","2023-08-17",,
"Page 229/1000","/page/page_229_1000.html","2023-08-18","2023-08-18",,
"Page 230/1000","/page/page_230_1000.html","2023-08-19","2023-08-19",,
"Page 231/1000","/page/page_231_1000.html","2023-08-20","2023-08-20",,
"Page 232/1000","/page/page_232_1000.html","2023-08-21","2023-08-21",,
"Page 233/1000","/page/page_233_1000.html","2023-08-22","2023-08-22",,
"Page 234/1000","/page/page_234_1000.html","2023-08-23","2023-08-23",,
"Page 235/1000","/page/page_235_1000.html","2023-08-24","2023-08-24",,
"Page 236/1000","/page/page_236_1000.html","2023-08-25","2023-08-25",,
"Page 237/1000","/page/page_237_1000.html","2023-08-26","2023-08-26",,
"Page 238/1000","/page/page_238_1000.html","2023-08-27","2023-08-27",,
"Page 239/1000","/page/page_239_1000.html","2023-08-28","2023-08-28",,
"Page 240/1000","/page/page_240_1000.html","2023-08-29","2023-08-29",,
"Page 241/1000","/page/page_241_1000.html","2023-08-30","2023-08-30",,
"Page 242/1000","/page/page_242_1000.html","2023-08-31","2023-08-31",,
"Page 243/1000","/page/page_243_1000.html","2023-09-01","2023-09-01",,
"Page 244/1000","/page/page_244_1000.html","2023-09-02","2023-09-02",,
"Page 245/1000","/page/page_245_1000.html","2023-09-03","2023-09-03",,
"Page 246/1000","/page/page_246_1000.html","2023-09-04","2023-09-04",,
"Page 247/1000","/page/page_247_1000.html","2023-09-05","2023-09-05",,
"Page 248/1000","/page/page_248_1000.html","2023-09-06","2023-09-06",,
"Page 249/1000","/page/page_249_1000.html","2023-09-07","2023-09-07",,
"Page 250/1000","/page/page_250_1000.html","2023-09-08","2023-09-08",,
"Page 251/1000","/page/page_251_1000.html","2023-09-09","2023-09-09",,
"Page 252/1000","/page/page_252_1000.html","2023-09-10","2023-09-10",,
"Page 253/1000","/page/page_253_1000.html","2023-09-11","2023-09-11",,
"Page 254/1000","/page/page_254_1000.html","2023-09-12","2023-09-12",,
"Page 255/1000","/page/page_255_1000.html","2023-09-13","2023-09-13",,
"Page 256/1000","/page/page_256_1000.html","2023-09-14","2023-09-14",,
"Page 257/1000","/page/page_257_1000.html","2023-09-15","2023-09-15",,
"Page 258/1000","/page/page_258_1000.html","2023-09-16","2023-09-16",,
"Page 259/1000","/page/page_259_1000.html","2023-09-17","2023-09-17",,
"Page 260/1000","/page/page_260_1000.html","2023-09-18","2023-09-18",,
"Page 261/1000","/page/page_261_1000.html","2023-09-19","2023-09-19",,
"Page 262/1000","/page/page_262_1000.html","2023-09-20","2023-09-20",,
"Page 263/1000","/page/page_263_1000.html","2023-09-21","2023-09-21",,
"Page 264/1000","/page/page_264_1000.html","2023-09-22","2023-09-22",,
"Page 265/1000","/page/page_265_1000.html","2023-09-23","2023-09-23",,
"Page 266/1000","/page/page_266_1000.html","2023-09-24","2023-09-24",,
"Page 267/1000","/page/page_267_1000.html","2023-09-25","2023-09-25",,
"Page 268/1000","/page/page_268_1000.html","2023-09-26","2023-09-26",,
"Page 269/1000","/page/page_269_1000.html","2023-09-27","2023-09-27",,
"Page 270/1000","/page/page_270_1000.html","2023-09-28","2023-09-28",,
"Page 271/1000","/page/page_271_1000.html","2023-09-29","2023-09-29",,
"Page 272/1000","/page/page_272_1000.html","2023-09-30","2023-09-30",,
"Page 273/1000","/page/page_273_1000.html","2023-10-01","2023-10-01",,
"Page 274/1000","/page/page_274_1000.html","2023-10-02","2023-10-02",,
"Page 275/1000","/page/page_275_1000.html","2023-10-03","2023-10-03",,
"Page 276/1000","/page/page_276_1000.html","2023-10-04","2023-10-04",,
"Page 277/1000","/page/page_277_1000.html","2023-10-05","2023-10-05",,
"Page 278/1000","/page/page_278_1000.html","2023-10-06","2023-10-06",,
"Page 279/1000","/page/page_279_1000.html","2023-10-07","2023-10-07",,
"Page 280/1000","/page/page_280_1000.html","2023-10-08","2023-10-08",,
"Page 281/1000","/page/page_281_1000.html","2023-10-09","2023-10-09",,
"Page 282/1000","/page/page_282_1000.html","2023-10-10","2023-10-10",,
"Page 283/1000","/page/page_283_1000.html","2023-10-11","2023-10-11",,
"Page 284/1000","/page/page_284_1000.html","2023-10-12","2023-10-12",,
"Page 285/1000","/page/page_285_1000.html","2023-10-13","2023-10-13",,
"Page 286/1000","/page/page_286_1000.html","2023-10-14","2023-10-14",,
"Page 287/1000","/page/page_287_1000.html","2023-10-15","2023-10-15",,
"Page 288/1000","/page/page_288_1000.html","2023-10-16","2023-10-16",,
"Page 289/1000","/page/page_289_1000.html","2023-10-17","2023-10-17",,
"Page 290/1000","/page/page_290_1000.html","2023-10-18","2023-10-18",,
"Page 291/1000","/page/page_291_1000.html","2023-10-19","2023-10-19",,
"Page 292/1000","/page/page_292_1000.html","2023-10-20","2023-10-20",,
"Page 293/1000","/page/page_293_1000.html","2023-10-21","2023-10-21",,
"Page 294/1000","/page/page_294_1000.html","2023-10-22","2023-10-22",,
"Page 295/1000","/page/page_295_1000.html","2023-10-23","2023-10-23",,
"Page 296/1000","/page/page_296_1000.html","2023-10-24","2023-10-24",,
"Page 297/1000","/page/page_297_1000.html","2023-10-25","2023-10-25",,
"Page 298/1000","/page/page_298_1000.html","2023-10-26","2023-10-26",,
"Page 299/1000","/page/page_299_1000.html","2023-10-27","2023-10-27",,
"Page 300/1000","/page/page_300_1000.html","2023-10-28","2023-10-28",,
"Page 301/1000","/page/page_301_1000.html","2023-10-29","2023-10-29",,
"Page 302/1000","/page/page_302_1000.html","2023-10-30","2023-10-30",,
"Page 303/1000","/page/page_303_1000.html","2023-10-31","2023-10-31",,
"Page 304/1000","/page/page_304_1000.html","2023-11-01","2023-11-01",,
"Page 305/1000","/page/page_305_1000.html","2023-11-02","2023-11-02",,
"Page 306/1000","/page/page_306_1000.html","2023-11-03","2023-11-03",,
"Page 307/1000","/page/page_307_1000.html","2023-11-04","2023-11-04",,
"Page 308/1000","/page/page_308_1000.html","2023-11-05","2023-11-05",,
"Page 309/1000","/page/page_309_1000.html","2023-11-06","2023-11-06",,
"Page 310/1000","/page/page_310_1000.html","2023-11-07","2023-11-07",,
"Page 311/1000","/page/page_311_1000.html","2023-11-08","2023-11-08",,
"Page 312/1000","/page/page_312_1000.html","2023-11-09","2023-11-09",,
"Page 313/1000","/page/page_313_1000.html","2023-11-10","2023-11-10",,
"Page 314/1000","/page/page_314_1000.html","2023-11-11","2023-11-11",,
"Page 315/1000","/page/page_315_1000.html","2023-11-12","2023-11-12",,
"Page 316/1000","/page/page_316_1000.html","2023-11-13","2023-11-13",,
"Page 317/1000","/page/page_317_1000.html","2023-11-14","2023-11-14",,
"Page 318/1000","/page/page_318_1000.html","2023-11-15","2023-11-15",,
"Page 319/1000","/page/page_319_1000.html","2023-11-16","2023-11-16",,
"Page 320/1000","/page/page_320_1000.html","2023-11-17","2023-11-17",,
"Page 321/1000","/page/page_321_1000.html","2023-11-18","2023-11-18",,
"Page 322/1000","/page/page_322_1000.html","2023-11-19","2023-11-19",,
"Page 323/1000","/page/page_323_1000.html","2023-11-20","2023-11-20",,
"Page 324/1000","/page/page_324_1000.html","2023-11-21","2023-11-21",,
"Page 325/1000","/page/page_325_1000.html","2023-11-22","2023-11-22",,
"Page 326/1000","/page/page_326_1000.html","2023-11-23","2023-11-23",,
"Page 327/1000","/page/page_327_1000.html","2023-11-24","2023-11-24",,
"Page 328/1000","/page/page_328_1000.html","2023-11-25","2023-11-25",,
"Page 329/1000","/page/page_329_1000.html","2023-11-26","2023-11-26",,
"Page 330/1000","/page/page_330_1000.html","2023-11-27","2023-11-27",,
"Page 331/1000","/page/page_331_1000.html","2023-11-28","2023-11-28",,
"Page 332/1000","/page/page_332_1000.html","2023-11-29","2023-11-29",,
"Page 333/1000","/page/page_333_1000.html","2023-11-30","2023-11-30",,
"Page 334/1000","/page/page_334_1000.html","2023-12-01","2023-12-01",,
"Page 335/1000","/page/page_335_1000.html","2023-12-02","2023-12-02",,
"Page 336/1000","/page/page_336_1000.html","2023-12-03","2023-12-03",,
"Page 337/1000","/page/page_337_1000.html","2023-12-04","2023-12-04",,
"Page 338/1000","/page/page_338_1000.html","2023-12-05","2023-12-05",,
"Page 339/1000","/page/page_339_1000.html","2023-12-06","2023-12-06",,
"Page 340/1000","/page/page_340_1000.html","2023-12-07","2023-12-07",,
"Page 341/1000","/page/page_341_1000.html","2023-12-08","2023-12-08",,
"Page 342/1000","/page/page_342_1000.html","2023-12-09","2023-12-09",,
"Page 343/1000","/page/page_343_1000.html","2023-12-10","2023-12-10",,
"Page 344/1000","/page/page_344_1000.html","2023-12-11","2023-12-11",,
"Page 345/1000","/page/page_345_1000.html","2023-12-12","2023-12-12",,
"Page 346/1000","/page/page_346_1000.html","2023-12-13","2023-12-13",,
"Page 347/1000","/page/page_347_1000.html","2023-12-14","2023-12-14",,
"Page 348/1000","/page/page_348_1000.html","2023-12-15","2023-12-15",,
"Page 349/1000","/page/page_349_1000.html","2023-12-16","2023-12-16",,
"Page 350/1000","/page/page_350_1000.html","2023-12-17","2023-12-17",,
"Page 351/1000","/page/page_351_1000.html","2023-12-18","2023-12-18",,
"Page 352/1000","/page/page_352_1000.html","2023-12-19","2023-12-19",,
"Page 353/1000","/page/page_353_1000.html","2023-12-20","2023-12-20",,
"Page 354/1000","/page/page_354_1000.html","2023-12-21","2023-12-21",,
"Page 355/1000","/page/page_355_1000.html","2023-12-22","2023-12-22",,
"Page 356/1000","/page/page_356_1000.html","2023-12-23","2023-12-23",,
"Page 357/1000","/page/page_357_1000.html","2023-12-24","2023-12-24",,
"Page 358/1000","/page/page_358_1000.html","2023-12-25","2023-12-25",,
"Page 359/1000","/page/page_359_1000.html","2023-12-26","2023-12-26",,
"Page 360/1000","/page/page_360_1000.html","2023-12-27","2023-12-27",,
"Page 361/1000","/page/page_361_1000.html","2023-12-28","2023-12-28",,
"Page 362/1000","/page/page_362_1000.html","2023-12-29","2023-12-29",,
"Page 363/1000","/page/page_363_1000.html","2023-12-30","2023-12-30",,
"Page 364/1000","/page/page_364_1000.html","2023-12-31","2023-12-31",,
"Page 365/1000","/page/page_365_1000.html","2024-01-01","2024-01-01",,
"Page 366/1000","/page/page_366_1000.html","2024-01-02","2024-01-02",,
"Page 367/1000","/page/page_367_1000.html","2024-01-03","2024-01-03",,
"Page 368/1000","/page/page_368_1000.html","2024-01-04","2024-01-04",,
"Page 369/1000","/page/page_369_1000.html","2024-01-05","2024-01-05",,
"Page 370/1000","/page/page_370_1000.html","2024-01-06","2024-01-06",,
"Page 371/1000","/page/page_371_1000.html","2024-01-07","2024-01-07",,
"Page 372/1000","/page/page_372_1000.html","2024-01-08","2024-01-08",,
"Page 373/1000","/page/page_373_1000.html","2024-01-09","2024-01-09",,
"Page 374/1000","/page/page_374_1000.html","2024-01-10","2024-01-10",,
"Page 375/1000","/page/page_375_1000.html","2024-01-11","2024-01-11",,
"Page 376/1000","/page/page_376_1000.html","2024-01-12","2024-01-12",,
"Page 377/1000","/page/page_377_1000.html","2024-01-13","2024-01-13",,
"Page 378/1000","/page/page_378_1000.html","2024-01-14","2024-01-14",,
"Page 379/1000","/page/page_379_1000.html","2024-01-15","2024-01-15",,
"Page 380/1000","/page/page_380_1000.html","2024-01-16","2024-01-16",,
"Page 381/1000","/page/page_381_1000.html","2024-01-17","2024-01-17",,
"Page 382/1000","/page/page_382_1000.html","2024-01-18","2024-01-18",,
"Page 383/1000","/page/page_383_1000.html","2024-01-19","2024-01-19",,
"Page 384/1000","/page/page_384_1000.html","2024-01-20","2024-01-20",,
"Page 385/1000","/page/page_385_1000.html","2024-01-21","2024-01-21",,
"Page 386/1000","/page/page_386_1000.html","2024-01-22","2024-01-22",,
"Page 387/1000","/page/page_387_1000.html","2024-01-23","2024-01-23",,
"Page 388/1000","/page/page_388_1000.html","2024-01-24","2024-01-24",,
"Page 389/1000","/page/page_389_1000.html","2024-01-25","2024-01-25",,
"Page 390/1000","/page/page_390_1000.html","2024-01-26","2024-01-26",,
"Page 391/1000","/page/page_391_1000.html","2024-01-27","2024-01-27",,
"Page 392/1000","/page/page_392_1000.html","2024-01-28","2024-01-28",,
"Page 393/1000","/page/page_393_1000.html","2024-01-29","2024-01-29",,
"Page 394/1000","/page/page_394_1000.html","2024-01-30","2024-01-30",,
"Page 395/1000","/page/page_395_1000.html","2024-01-31","2024-01-31",,
"Page 396/1000","/page/page_396_1000.html","2024-02-01","2024-02-01",,
"Page 397/1000","/page/page_397_1000.html","2024-02-02","2024-02-02",,
"Page 398/1000","/page/page_398_1000.html","2024-02-03","2024-02-03",,
"Page 399/1000","/page/page_399_1000.html","2024-02-04","2024-02-04",,
"Page 400/1000","/page/page_400_1000.html","2024-02-05","2024-02-05",,
"Page 401/1000","/page/page_401_1000.html","2024-02-06","2024-02-06",,
"Page 402/1000","/page/page_402_1000.html","2024-02-07","2024-02-07",,
"Page 403/1000","/page/page_403_1000.html","2024-02-08","2024-02-08",,
"Page 404/1000","/page/page_404_1000.html","2024-02-09","2024-02-09",,
"Page 405/1000","/page/page_405_1000.html","2024-02-10","2024-02-10",,
"Page 406/1000","/page/page_406_1000.html","2024-02-11","2024-02-11",,
"Page 407/1000","/page/page_407_1000.html","2024-02-12","2024-02-12",,
"Page 408/1000","/page/page_408_1000.html","2024-02-13","2024-02-13",,
"Page 409/1000","/page/page_409_1000.html","2024-02-14","2024-02-14",,
"Page 410/1000","/page/page_410_1000.html","2024-02-15","2024-02-15",,
"Page 411/1000","/page/page_411_1000.html","2024-02-16","2024-02-16",,
"Page 412/1000","/page/page_412_1000.html","2024-02-17","2024-02-17",,
"Page 413/1000","/page/page_413_1000.html","2024-02-18","2024-02-18",,
"Page 414/1000","/page/page_414_1000.html","2024-02-19","2024-02-19",,
"Page 415/1000","/page/page_415_1000.html","2024-02-20","2024-02-20",,
"Page 416/1000","/page/page_416_1000.html","2024-02-21","2024-02-21",,
"Page 417/1000","/page/page_417_1000.html","2024-02-22","2024-02-22",,
"Page 418/1000","/page/page_418_1000.html","2024-02-23","2024-02-23",,
"Page 419/1000","/page/page_419_1000.html","2024-02-24","2024-02-24",,
"Page 420/1000","/page/page_420_1000.html","2024-02-25","2024-02-25",,
"Page 421/1000","/page/page_421_1000.html","2024-02-26","2024-02-26",,
"Page 422/1000","/page/page_422_1000.html","2024-02-27","2024-02-27",,
"Page 423/1000","/page/page_423_1000.html","2024-02-28","2024-02-28",,
"Page 424/1000","/page/page_424_1000.html","2024-02-29","2024-02-29",,
"Page 425/1000","/page/page_425_1000.html","2024-03-01","2024-03-01",,
"Page 426/1000","/page/page_426_1000.html","2024-03-02","2024-03-02",,
"Page 427/1000","/page/page_427_1000.html","2024-03-03","2024-03-03",,
"Page 428/1000","/page/page_428_1000.html","2024-03-04","2024-03-04",,
"Page 429/1000","/page/page_429_1000.html","2024-03-05","2024-03-05",,
"Page 430/1000","/page/page_430_1000.html","2024-03-06","2024-03-06",,
"Page 431/1000","/page/page_431_1000.html","2024-03-07","2024-03-07",,
"Page 432/1000","/page/page_432_1000.html","2024-03-08","2024-03-08",,
"Page 433/1000","/page/page_433_1000.html","2024-03-09","2024-03-09",,
"Page 434/1000","/page/page_434_1000.html","2024-03-10","2024-03-10",,
"Page 435/1000","/page/page_435_1000.html","2024-03-11","2024-03-11",,
"Page 436/1000","/page/page_436_1000.html","2024-03-12","2024-03-12",,
"Page 437/1000","/page/page_437_1000.html","2024-03-13","2024-03-13",,
"Page 438/1000","/page/page_438_1000.html","2024-03-14","2024-03-14",,
"Page 439/1000","/page/page_439_1000.html","2024-03-15","2024-03-15",,
"Page 440/1000","/page/page_440_1000.html","2024-03-16","2024-03-16",,
"Page 441/1000","/page/page_441_1000.html","2024-03-17","2024-03-17",,
"Page 442/1000","/page/page_442_1000.html","2024-03-18","2024-03-18",,
"Page 443/1000","/page/page_443_1000.html","2024-03-19","2024-03-19",,
"Page 444/1000","/page/page_444_1000.html","2024-03-20","2024-03-20",,
"Page 445/1000","/page/page_445_1000.html","2024-03-21","2024-03-21",,
"Page 446/1000","/page/page_446_1000.html","2024-03-22","2024-03-22",,
"Page 447/1000","/page/page_447_1000.html","2024-03-23","2024-03-23",,
"Page 448/1000","/page/page_448_1000.html","2024-03-24","2024-03-24",,
"Page 449/1000","/page/page_449_1000.html","2024-03-25","2024-03-25",,
"Page 450/1000","/page/page_450_1000.html","2024-03-26","2024-03-26",,
"Page 451/1000","/page/page_451_1000.html","2024-03-27","2024-03-27",,
"Page 452/1000","/page/page_452_1000.html","2024-03-28","2024-03-28",,
"Page 453/1000","/page/page_453_1000.html","2024-03-29","2024-03-29",,
"Page 454/1000","/page/page_454_1000.html","2024-03-30","2024-03-30",,
"Page 455/1000","/page/page_455_1000.html","2024-03-31","2024-03-31",,
"Page 456/1000","/page/page_456_1000.html","2024-04-01","2024-04-01",,
"Page 457/1000","/page/page_457_1000.html","2024-04-02","2024-04-02",,
"Page 458/1000","/page/page_458_1000.html","2024-04-03","2024-04-03",,
"Page 459/1000","/page/page_459_1000.html","2024-04-04","2024-04-04",,
"Page 460/1000","/page/page_460_1000.html","2024-04-05","2024-04-05",,
"Page 461/1000","/page/page_461_1000.html","2024-04-06","2024-04-06",,
"Page 462/1000","/page/page_462_1000.html","2024-04-07","2024-04-07",,
"Page 463/1000","/page/page_463_1000.html","2024-04-08","2024-04-08",,
"Page 464/1000","/page/page_464_1000.html","2024-04-09","2024-04-09",,
"Page 465/1000","/page/page_465_1000.html","2024-04-10","2024-04-10",,
"Page 466/1000","/page/page_466_1000.html","2024-04-11","2024-04-11",,
"Page 467/1000","/page/page_467_1000.html","2024-04-12","2024-04-12",,
"Page 468/1000","/page/page_468_1000.html","2024-04-13","2024-04-13",,
"Page 469/1000","/page/page_469_1000.html","2024-04-14","2024-04-14",,
"Page 470/1000","/page/page_470_1000.html","2024-04-15","2024-04-15",,
"Page 471/1000","/page/page_471_1000.html","2024-04-16","2024-04-16",,
"Page 472/1000","/page/page_472_1000.html","2024-04-17","2024-04-17",,
"Page 473/1000","/page/page_473_1000.html","2024-04-18","2024-04-18",,
"Page 474/1000","/page/page_474_1000.html","2024-04-19","2024-04-19",,
"Page 475/1000","/page/page_475_1000.html","2024-04-20","2024-04-20",,
"Page 476/1000","/page/page_476_1000.html","2024-04-21","2024-04-21",,
"Page 477/1000","/page/page_477_1000.html","2024-04-22","2024-04-22",,
"Page 478/1000","/page/page_478_1000.html","2024-04-23","2024-04-23",,
"Page 479/1000","/page/page_479_1000.html","2024-04-24","2024-04-24",,
"Page 480/1000","/page/page_480_1000.html","2024-04-25","2024-04-25",,
"Page 481/1000","/page/page_481_1000.html","2024-04-26","2024-04-26",,
"Page 482/1000","/page/page_482_1000.html","2024-04-27","2024-04-27",,
"Page 483/1000","/page/page_483_1000.html","2024-04-28","2024-04-28",,
"Page 484/1000","/page/page_484_1000.html","2024-04-29","2024-04-29",,
"Page 485/1000","/page/page_485_1000.html","2024-04-30","2024-04-30",,
"Page 486/1000","/page/page_486_1000.html","2024-05-01","2024-05-01",,
"Page 487/1000","/page/page_487_1000.html","2024-05-02","2024-05-02",,
"Page 488/1000","/page/page_488_1000.html","2024-05-03","2024-05-03",,
"Page 489/1000","/page/page_489_1000.html","2024-05-04","2024-05-04",,
"Page 490/1000","/page/page_490_1000.html","2024-05-05","2024-05-05",,
"Page 491/1000","/page/page_491_1000.html","2024-05-06","2024-05-06",,
"Page 492/1000","/page/page_492_1000.html","2024-05-07","2024-05-07",,
"Page 493/1000","/page/page_493_1000.html","2024-05-08","2024-05-08",,
"Page 494/1000","/page/page_494_1000.html","2024-05-09","2024-05-09",,
"Page 495/1000","/page/page_495_1000.html","2024-05-10","2024-05-10",,
"Page 496/1000","/page/page_496_1000.html","2024-05-11","2024-05-11",,
"Page 497/1000","/page/page_497_1000.html","2024-05-12","2024-05-12",,
"Page 498/1000","/page/page_498_1000.html","2024-05-13","2024-05-13",,
"Page 499/1000","/page/page_499_1000.html","2024-05-14","2024-05-14",,
"Page 500/1000","/page/page_500_1000.html","2024-05-15","2024-05-15",,
"Page 501/1000","/page/page_501_1000.html","2024-05-16","2024-05-16",,
"Page 502/1000","/page/page_502_1000.html","2024-05-17","2024-05-17",,
"Page 503/1000","/page/page_503_1000.html","2024-05-18","2024-05-18",,
"Page 504/1000","/page/page_504_1000.html","2024-05-19","2024-05-19",,
"Page 505/1000","/page/page_505_1000.html","2024-05-20","2024-05-20",,
"Page 506/1000","/page/page_506_1000.html","2024-05-21","2024-05-21",,
"Page 507/1000","/page/page_507_1000.html","2024-05-22","2024-05-22",,
"Page 508/1000","/page/page_508_1000.html","2024-05-23","2024-05-23",,
"Page 509/1000","/page/page_509_1000.html","2024-05-24","2024-05-24",,
"Page 510/1000","/page/page_510_1000.html","2024-05-25","2024-05-25",,
"Page 511/1000","/page/page_511_1000.html","2024-05-26","2024-05-26",,
"Page 512/1000","/page/page_512_1000.html","2024-05-27","2024-05-27",,
"Page 513/1000","/page/page_513_1000.html","2024-05-28","2024-05-28",,
"Page 514/1000","/page/page_514_1000.html","2024-05-29","2024-05-29",,
"Page 515/1000","/page/page_515_1000.html","2024-05-30","2024-05-30",,
"Page 516/1000","/page/page_516_1000.html","2024-05-31","2024-05-31",,
"Page 517/1000","/page/page_517_1000.html","2024-06-01","2024-06-01",,
"Page 518/1000","/page/page_518_1000.html","2024-06-02","2024-06-02",,
"Page 519/1000","/page/page_519_1000.html","2024-06-03","2024-06-03",,
"Page 520/1000","/page/page_520_1000.html","2024-06-04","2024-06-04",,
"Page 521/1000","/page/page_521_1000.html","2024-06-05","2024-06-05",,
"Page 522/1000","/page/page_522_1000.html","2024-06-06","2024-06-06",,
"Page 523/1000","/page/page_523_1000.html","2024-06-07","2024-06-07",,
"Page 524/1000","/page/page_524_1000.html","2024-06-08","2024-06-08",,
"Page 525/1000","/page/page_525_1000.html","2024-06-09","2024-06-09",,
"Page 526/1000","/page/page_526_1000.html","2024-06-10","2024-06-10",,
"Page 527/1000","/page/page_527_1000.html","2024-06-11","2024-06-11",,
"Page 528/1000","/page/page_528_1000.html","2024-06-12","2024-06-12",,
"Page 529/1000","/page/page_529_1000.html","2024-06-13","2024-06-13",,
"Page 530/1000","/page/page_530_1000.html","2024-06-14","2024-06-14",,
"Page 531/1000","/page/page_531_1000.html","2024-06-15","2024-06-15",,
"Page 532/1000","/page/page_532_1000.html","2024-06-16","2024-06-16",,
"Page 533/1000","/page/page_533_1000.html","2024-06-17","2024-06-17",,
"Page 534/1000","/page/page_534_1000.html","2024-06-18","2024-06-18",,
"Page 535/1000","/page/page_535_1000.html","2024-06-19","2024-06-19",,
"Page 536/1000","/page/page_536_1000.html","2024-06-20","2024-06-20",,
"Page 537/1000","/page/page_537_1000.html","2024-06-21","2024-06-21",,
"Page 538/1000","/page/page_538_1000.html","2024-06-22","2024-06-22",,
"Page 539/1000","/page/page_539_1000.html","2024-06-23","2024-06-23",,
"Page 540/1000","/page/page_540_1000.html","2024-06-24","2024-06-24",,
"Page 541/1000","/page/page_541_1000.html","2024-06-25","2024-06-25",,
"Page 542/1000","/page/page_542_1000.html","2024-06-26","2024-06-26",,
"Page 543/1000","/page/page_543_1000.html","2024-06-27","2024-06-27",,
"Page 544/1000","/page/page_544_1000.html","2024-06-28","2024-06-28",,
"Page 545/1000","/page/page_545_1000.html","2024-06-29","2024-06-29",,
"Page 546/1000","/page/page_546_1000.html","2024-06-30","2024-06-30",,
"Page 547/1000","/page/page_547_1000.html","2024-07-01","2024-07-01",,
"Page 548/1000","/page/page_548_1000.html","2024-07-02","2024-07-02",,
"Page 549/1000","/page/page_549_1000.html","2024-07-03","2024-07-03",,
"Page 550/1000","/page/page_550_1000.html","2024-07-04","2024-07-04",,
"Page 551/1000","/page/page_551_1000.html","2024-07-05","2024-07-05",,
"Page 552/1000","/page/page_552_1000.html","2024-07-06","2024-07-06",,
"Page 553/1000","/page/page_553_1000.html","2024-07-07","2024-07-07",,
"Page 554/1000","/page/page_554_1000.html","2024-07-08","2024-07-08",,
"Page 555/1000","/page/page_555_1000.html","2024-07-09","2024-07-09",,
"Page 556/1000","/page/page_556_1000.html","2024-07-10","2024-07-10",,
"Page 557/1000","/page/page_557_1000.html","2024-07-11","2024-07-11",,
"Page 558/1000","/page/page_558_1000.html","2024-07-12","2024-07-12",,
"Page 559/1000","/page/page_559_1000.html","2024-07-13","2024-07-13",,
"Page 560/1000","/page/page_560_1000.html","2024-07-14","2024-07-14",,
"Page 561/1000","/page/page_561_1000.html","2024-07-15","2024-07-15",,
"Page 562/1000","/page/page_562_1000.html","2024-07-16","2024-07-16",,
"Page 563/1000","/page/page_563_1000.html","2024-07-17","2024-07-17",,
"Page 564/1000","/page/page_564_1000.html","2024-07-18","2024-07-18",,
"Page 565/1000","/page/page_565_1000.html","2024-07-19","2024-07-19",,
"Page 566/1000","/page/page_566_1000.html","2024-07-20","2024-07-20",,
"Page 567/1000","/page/page_567_1000.html","2024-07-21","2024-07-21",,
"Page 568/1000","/page/page_568_1000.html","2024-07-22","2024-07-22",,
"Page 569/1000","/page/page_569_1000.html","2024-07-23","2024-07-23",,
"Page 570/1000","/page/page_570_1000.html","2024-07-24","2024-07-24",,
"Page 571/1000","/page/page_571_1000.html","2024-07-25","2024-07-25",,
"Page 572/1000","/page/page_572_1000.html","2024-07-26","2024-07-26",,
"Page 573/1000","/page/page_573_1000.html","2024-07-27","2024-07-27",,
"Page 574/1000","/page/page_574_1000.html","2024-07-28","2024-07-28",,
"Page 575/1000","/page/page_575_1000.html","2024-07-29","2024-07-29",,
"Page 576/1000","/page/page_576_1000.html","2024-07-30","2024-07-30",,
"Page 577/1000","/page/page_577_1000.html","2024-07-31","2024-07-31",,
"Page 578/1000","/page/page_578_1000.html","2024-08-01","2024-08-01",,
"Page 579/1000","/page/page_579_1000.html","2024-08-02","2024-08-02",,
"Page 580/1000","/page/page_580_1000.html","2024-08-03","2024-08-03",,
"Page 581/1000","/page/page_581_1000.html","2024-08-04","2024-08-04",,
"Page 582/1000","/page/page_582_1000.html","2024-08-05","2024-08-05",,
"Page 583/1000","/page/page_583_1000.html","2024-08-06","2024-08-06",,
"Page 584/1000","/page/page_584_1000.html","2024-08-07","2024-08-07",,
"Page 585/1000","/page/page_585_1000.html","2024-08-08","2024-08-08",,
"Page 586/1000","/page/page_586_1000.html","2024-08-09","2024-08-09",,
"Page 587/1000","/page/page_587_1000.html","2024-08-10","2024-08-10",,
"Page 588/1000","/page/page_588_1000.html","2024-08-11","2024-08-11",,
"Page 589/1000","/page/page_589_1000.html","2024-08-12","2024-08-12",,
"Page 590/1000","/page/page_590_1000.html","2024-08-13","2024-08-13",,
"Page 591/1000","/page/page_591_1000.html","2024-08-14","2024-08-14",,
"Page 592/1000","/page/page_592_1000.html","2024-08-15","2024-08-15",,
"Page 593/1000","/page/page_593_1000.html","2024-08-16","2024-08-16",,
"Page 594/1000","/page/page_594_1000.html","2024-08-17","2024-08-17",,
"Page 595/1000","/page/page_595_1000.html","2024-08-18","2024-08-18",,
"Page 596/1000","/page/page_596_1000.html","2024-08-19","2024-08-19",,
"Page 597/1000","/page/page_597_1000.html","2024-08-20","2024-08-20",,
"Page 598/1000","/page/page_598_1000.html","2024-08-21","2024-08-21",,
"Page 599/1000","/page/page_599_1000.html","2024-08-22","2024-08-22",,
"Page 600/1000","/page/page_600_1000.html","2024-08-23","2024-08-23",,
"Page 601/1000","/page/page_601_1000.html","2024-08-24","2024-08-24",,
"Page 602/1000","/page/page_602_1000.html","2024-08-25","2024-08-25",,
"Page 603/1000","/page/page_603_1000.html","2024-08-26","2024-08-26",,
"Page 604/1000","/page/page_604_1000.html","2024-08-27","2024-08-27",,
"Page 605/1000","/page/page_605_1000.html","2024-08-28","2024-08-28",,
"Page 606/1000","/page/page_606_1000.html","2024-08-29","2024-08-29",,
"Page 607/1000","/page/page_607_1000.html","2024-08-30","2024-08-30",,
"Page 608/1000","/page/page_608_1000.html","2024-08-31","2024-08-31",,
"Page 609/1000","/page/page_609_1000.html","2024-09-01","2024-09-01",,
"Page 610/1000","/page/page_610_1000.html","2024-09-02","2024-09-02",,
"Page 611/1000","/page/page_611_1000.html","2024-09-03","2024-09-03",,
"Page 612/1000","/page/page_612_1000.html","2024-09-04","2024-09-04",,
"Page 613/1000","/page/page_613_1000.html","2024-09-05","2024-09-05",,
"Page 614/1000","/page/page_614_1000.html","2024-09-06","2024-09-06",,
"Page 615/1000","/page/page_615_1000.html","2024-09-07","2024-09-07",,
"Page 616/1000","/page/page_616_1000.html","2024-09-08","2024-09-08",,
"Page 617/1000","/page/page_617_1000.html","2024-09-09","2024-09-09",,
"Page 618/1000","/page/page_618_1000.html","2024-09-10","2024-09-10",,
"Page 619/1000","/page/page_619_1000.html","2024-09-11","2024-09-11",,
"Page 620/1000","/page/page_620_1000.html","2024-09-12","2024-09-12",,
"Page 621/1000","/page/page_621_1000.html","2024-09-13","2024-09-13",,
"Page 622/1000","/page/page_622_1000.html","2024-09-14","2024-09-14",,
"Page 623/1000","/page/page_623_1000.html","2024-09-15","2024-09-15",,
"Page 624/1000","/page/page_624_1000.html","2024-09-16","2024-09-16",,
"Page 625/1000","/page/page_625_1000.html","2024-09-17","2024-09-17",,
"Page 626/1000","/page/page_626_1000.html","2024-09-18","2024-09-18",,
"Page 627/1000","/page/page_627_1000.html","2024-09-19","2024-09-19",,
"Page 628/1000","/page/page_628_1000.html","2024-09-20","2024-09-20",,
"Page 629/1000","/page/page_629_1000.html","2024-09-21","2024-09-21",,
"Page 630/1000","/page/page_630_1000.html","2024-09-22","2024-09-22",,
"Page 631/1000","/page/page_631_1000.html","2024-09-23","2024-09-23",,
"Page 632/1000","/page/page_632_1000.html","2024-09-24","2024-09-24",,
"Page 633/1000","/page/page_633_1000.html","2024-09-25","2024-09-25",,
"Page 634/1000","/page/page_634_1000.html","2024-09-26","2024-09-26",,
"Page 635/1000","/page/page_635_1000.html","2024-09-27","2024-09-27",,
"Page 636/1000","/page/page_636_1000.html","2024-09-28","2024-09-28",,
"Page 637/1000","/page/page_637_1000.html","2024-09-29","2024-09-29",,
"Page 638/1000","/page/page_638_1000.html","2024-09-30","2024-09-30",,
"Page 639/1000","/page/page_639_1000.html","2024-10-01","2024-10-01",,
"Page 640/1000","/page/page_640_1000.html","2024-10-02","2024-10-02",,
"Page 641/1000","/page/page_641_1000.html","2024-10-03","2024-10-03",,
"Page 642/1000","/page/page_642_1000.html","2024-10-04","2024-10-04",,
"Page 643/1000","/page/page_643_1000.html","2024-10-05","2024-10-05",,
"Page 644/1000","/page/page_644_1000.html","2024-10-06","2024-10-06",,
"Page 645/1000","/page/page_645_1000.html","2024-10-07","2024-10-07",,
"Page 646/1000","/page/page_646_1000.html","2024-10-08","2024-10-08",,
"Page 647/1000","/page/page_647_1000.html","2024-10-09","2024-10-09",,
"Page 648/1000","/page/page_648_1000.html","2024-10-10","2024-10-10",,
"Page 649/1000","/page/page_649_1000.html","2024-10-11","2024-10-11",,
"Page 650/1000","/page/page_650_1000.html","2024-10-12","2024-10-12",,
"Page 651/1000","/page/page_651_1000.html","2024-10-13","2024-10-13",,
"Page 652/1000","/page/page_652_1000.html","2024-10-14","2024-10-14",,
"Page 653/1000","/page/page_653_1000.html","2024-10-15","2024-10-15",,
"Page 654/1000","/page/page_654_1000.html","2024-10-16","2024-10-16",,
"Page 655/1000","/page/page_655_1000.html","2024-10-17","2024-10-17",,
"Page 656/1000","/page/page_656_1000.html","2024-10-18","2024-10-18",,
"Page 657/1000","/page/page_657_1000.html","2024-10-19","2024-10-19",,
"Page 658/1000","/page/page_658_1000.html","2024-10-20","2024-10-20",,
"Page 659/1000","/page/page_659_1000.html","2024-10-21","2024-10-21",,
"Page 660/1000","/page/page_660_1000.html","2024-10-22","2024-10-22",,
"Page 661/1000","/page/page_661_1000.html","2024-10-23","2024-10-23",,
"Page 662/1000","/page/page_662_1000.html","2024-10-24","2024-10-24",,
"Page 663/1000","/page/page_663_1000.html","2024-10-25","2024-10-25",,
"Page 664/1000","/page/page_664_1000.html","2024-10-26","2024-10-26",,
"Page 665/1000","/page/page_665_1000.html","2024-10-27","2024-10-27",,
"Page 666/1000","/page/page_666_1000.html","2024-10-28","2024-10-28",,
"Page 667/1000","/page/page_667_1000.html","2024-10-29","2024-10-29",,
"Page 668/1000","/page/page_668_1000.html","2024-10-30","2024-10-30",,
"Page 669/1000","/page/page_669_1000.html","2024-10-31","2024-10-31",,
"Page 670/1000","/page/page_670_1000.html","2024-11-01","2024-11-01",,
"Page 671/1000","/page/page_671_1000.html","2024-11-02","2024-11-02",,
"Page 672/1000","/page/page_672_1000.html","2024-11-03","2024-11-03",,
"Page 673/1000","/page/page_673_1000.html","2024-11-04","2024-11-04",,
"Page 674/1000","/page/page_674_1000.html","2024-11-05","2024-11-05",,
"Page 675/1000","/page/page_675_1000.html","2024-11-06","2024-11-06",,
"Page 676/1000","/page/page_676_1000.html","2024-11-07","2024-11-07",,
"Page 677/1000","/page/page_677_1000.html","2024-11-08","2024-11-08",,
"Page 678/1000","/page/page_678_1000.html","2024-11-09","2024-11-09",,
"Page 679/1000","/page/page_679_1000.html","2024-11-10","2024-11-10",,
"Page 680/1000","/page/page_680_1000.html","2024-11-11","2024-11-11",,
"Page 681/1000","/page/page_681_1000.html","2024-11-12","2024-11-12",,
"Page 682/1000","/page/page_682_1000.html","2024-11-13","2024-11-13",,
"Page 683/1000","/page/page_683_1000.html","2024-11-14","2024-11-14",,
"Page 684/1000","/page/page_684_1000.html","2024-11-15","2024-11-15",,
"Page 685/1000","/page/page_685_1000.html","2024-11-16","2024-11-16",,
"Page 686/1000","/page/page_686_1000.html","2024-11-17","2024-11-17",,
"Page 687/1000","/page/page_687_1000.html","2024-11-18","2024-11-18",,
"Page 688/1000","/page/page_688_1000.html","2024-11-19","2024-11-19",,
"Page 689/1000","/page/page_689_1000.html","2024-11-20","2024-11-20",,
"Page 690/1000","/page/page_690_1000.html","2024-11-21","2024-11-21",,
"Page 691/1000","/page/page_691_1000.html","2024-11-22","2024-11-22",,
"Page 692/1000","/page/page_692_1000.html","2024-11-23","2024-11-23",,
"Page 693/1000","/page/page_693_1000.html","2024-11-24","2024-11-24",,
"Page 694/1000","/page/page_694_1000.html","2024-11-25","2024-11-25",,
"Page 695/1000","/page/page_695_1000.html","2024-11-26","2024-11-26",,
"Page 696/1000","/page/page_696_1000.html","2024-11-27","2024-11-27",,
"Page 697/1000","/page/page_697_1000.html","2024-11-28","2024-11-28",,
"Page 698/1000","/page/page_698_1000.html","2024-11-29","2024-11-29",,
"Page 699/1000","/page/page_699_1000.html","2024-11-30","2024-11-30",,
"Page 700/1000","/page/page_700_1000.html","2024-12-01","2024-12-01",,
"Page 701/1000","/page/page_701_1000.html","2024-12-02","2024-12-02",,
"Page 702/1000","/page/page_702_1000.html","2024-12-03","2024-12-03",,
"Page 703/1000","/page/page_703_1000.html","2024-12-04","2024-12-04",,
"Page 704/1000","/page/page_704_1000.html","2024-12-05","2024-12-05",,
"Page 705/1000","/page/page_705_1000.html","2024-12-06","2024-12-06",,
"Page 706/1000","/page/page_706_1000.html","2024-12-07","2024-12-07",,
"Page 707/1000","/page/page_707_1000.html","2024-12-08","2024-12-08",,
"Page 708/1000","/page/page_708_1000.html","2024-12-09","2024-12-09",,
"Page 709/1000","/page/page_709_1000.html","2024-12-10","2024-12-10",,
"Page 710/1000","/page/page_710_1000.html","2024-12-11","2024-12-11",,
"Page 711/1000","/page/page_711_1000.html","2024-12-12","2024-12-12",,
"Page 712/1000","/page/page_712_1000.html","2024-12-13","2024-12-13",,
"Page 713/1000","/page/page_713_1000.html","2024-12-14","2024-12-14",,
"Page 714/1000","/page/page_714_1000.html","2024-12-15","2024-12-15",,
"Page 715/1000","/page/page_715_1000.html","2024-12-16","2024-12-16",,
"Page 716/1000","/page/page_716_1000.html","2024-12-17","2024-12-17",,
"Page 717/1000","/page/page_717_1000.html","2024-12-18","2024-12-18",,
"Page 718/1000","/page/page_718_1000.html","2024-12-19","2024-12-19",,
"Page 719/1000","/page/page_719_1000.html","2024-12-20","2024-12-20",,
"Page 720/1000","/page/page_720_1000.html","2024-12-21","2024-12-21",,
"Page 721/1000","/page/page_721_1000.html","2024-12-22","2024-12-22",,
"Page 722/1000","/page/page_722_1000.html","2024-12-23","2024-12-23",,
"Page 723/1000","/page/page_723_1000.html","2024-12-24","2024-12-24",,
"Page 724/1000","/page/page_724_1000.html","2024-12-25","2024-12-25",,
"Page 725/1000","/page/page_725_1000.html","2024-12-26","2024-12-26",,
"Page 726/1000","/page/page_726_1000.html","2024-12-27","2024-12-27",,
"Page 727/1000","/page/page_727_1000.html","2024-12-28","2024-12-28",,
"Page 728/1000","/page/page_728_1000.html","2024-12-29","2024-12-29",,
"Page 729/1000","/page/page_729_1000.html","2024-12-30","2024-12-30",,
"Page 730/1000","/page/page_730_1000.html","2024-12-31","2024-12-31",,
"Page 731/1000","/page/page_731_1000.html","2025-01-01","2025-01-01",,
"Page 732/1000","/page/page_732_1000.html","2025-01-02","2025-01-02",,
"Page 733/1000","/page/page_733_1000.html","2025-01-03","2025-01-03",,
"Page 734/1000","/page/page_734_1000.html","2025-01-04","2025-01-04",,
"Page 735/1000","/page/page_735_1000.html","2025-01-05","2025-01-05",,
"Page 736/1000","/page/page_736_1000.html","2025-01-06","2025-01-06",,
"Page 737/1000","/page/page_737_1000.html","2025-01-07","2025-01-07",,
"Page 738/1000","/page/page_738_1000.html","2025-01-08","2025-01-08",,
"Page 739/1000","/page/page_739_1000.html","2025-01-09","2025-01-09",,
"Page 740/1000","/page/page_740_1000.html","2025-01-10","2025-01-10",,
"Page 741/1000","/page/page_741_1000.html","2025-01-11","2025-01-11",,
"Page 742/1000","/page/page_742_1000.html","2025-01-12","2025-01-12",,
"Page 743/1000","/page/page_743_1000.html","2025-01-13","2025-01-13",,
"Page 744/1000","/page/page_744_1000.html","2025-01-14","2025-01-14",,
"Page 745/1000","/page/page_745_1000.html","2025-01-15","2025-01-15",,
"Page 746/1000","/page/page_746_1000.html","2025-01-16","2025-01-16",,
"Page 747/1000","/page/page_747_1000.html","2025-01-17","2025-01-17",,
"Page 748/1000","/page/page_748_1000.html","2025-01-18","2025-01-18",,
"Page 749/1000","/page/page_749_1000.html","2025-01-19","2025-01-19",,
"Page 750/1000","/page/page_750_1000.html","2025-01-20","2025-01-20",,
"Page 751/1000","/page/page_751_1000.html","2025-01-21","2025-01-21",,
"Page 752/1000","/page/page_752_1000.html","2025-01-22","2025-01-22",,
"Page 753/1000","/page/page_753_1000.html","2025-01-23","2025-01-23",,
"Page 754/1000","/page/page_754_1000.html","2025-01-24","2025-01-24",,
"Page 755/1000","/page/page_755_1000.html","2025-01-25","2025-01-25",,
"Page 756/1000","/page/page_756_1000.html","2025-01-26","2025-01-26",,
"Page 757/1000","/page/page_757_1000.html","2025-01-27","2025-01-27",,
"Page 758/1000","/page/page_758_1000.html","2025-01-28","2025-01-28",,
"Page 759/1000","/page/page_759_1000.html","2025-01-29","2025-01-29",,
"Page 760/1000","/page/page_760_1000.html","2025-01-30","2025-01-30",,
"Page 761/1000","/page/page_761_1000.html","2025-01-31","2025-01-31",,
"Page 762/1000","/page/page_762_1000.html","2025-02-01","2025-02-01",,
"Page 763/1000","/page/page_763_1000.html","2025-02-02","2025-02-02",,
"Page 764/1000","/page/page_764_1000.html","2025-02-03","2025-02-03",,
"Page 765/1000","/page/page_765_1000.html","2025-02-04","2025-02-04",,
"Page 766/1000","/page/page_766_1000.html","2025-02-05","2025-02-05",,
"Page 767/1000","/page/page_767_1000.html","2025-02-06","2025-02-06",,
"Page 768/1000","/page/page_768_1000.html","2025-02-07","2025-02-07",,
"Page 769/1000","/page/page_769_1000.html","2025-02-08","2025-02-08",,
"Page 770/1000","/page/page_770_1000.html","2025-02-09","2025-02-09",,
"Page 771/1000","/page/page_771_1000.html","2025-02-10","2025-02-10",,
"Page 772/1000","/page/page_772_1000.html","2025-02-11","2025-02-11",,
"Page 773/1000","/page/page_773_1000.html","2025-02-12","2025-02-12",,
"Page 774/1000","/page/page_774_1000.html","2025-02-13","2025-02-13",,
"Page 775/1000","/page/page_775_1000.html","2025-02-14","2025-02-14",,
"Page 776/1000","/page/page_776_1000.html","2025-02-15","2025-02-15",,
"Page 777/1000","/page/page_777_1000.html","2025-02-16","2025-02-16",,
"Page 778/1000","/page/page_778_1000.html","2025-02-17","2025-02-17",,
"Page 779/1000","/page/page_779_1000.html","2025-02-18","2025-02-18",,
"Page 780/1000","/page/page_780_1000.html","2025-02-19","2025-02-19",,
"Page 781/1000","/page/page_781_1000.html","2025-02-20","2025-02-20",,
"Page 782/1000","/page/page_782_1000.html","2025-02-21","2025-02-21",,
"Page 783/1000","/page/page_783_1000.html","2025-02-22","2025-02-22",,
"Page 784/1000","/page/page_784_1000.html","2025-02-23","2025-02-23",,
"Page 785/1000","/page/page_785_1000.html","2025-02-24","2025-02-24",,
"Page 786/1000","/page/page_786_1000.html","2025-02-25","2025-02-25",,
"Page 787/1000","/page/page_787_1000.html","2025-02-26","2025-02-26",,
"Page 788/1000","/page/page_788_1000.html","2025-02-27","2025-02-27",,
"Page 789/1000","/page/page_789_1000.html","2025-02-28","2025-02-28",,
"Page 790/1000","/page/page_790_1000.html","2025-03-01","2025-03-01",,
"Page 791/1000","/page/page_791_1000.html","2025-03-02","2025-03-02",,
"Page 792/1000","/page/page_792_1000.html","2025-03-03","2025-03-03",,
"Page 793/1000","/page/page_793_1000.html","2025-03-04","2025-03-04",,
"Page 794/1000","/page/page_794_1000.html","2025-03-05","2025-03-05",,
"Page 795/1000","/page/page_795_1000.html","2025-03-06","2025-03-06",,
"Page 796/1000","/page/page_796_1000.html","2025-03-07","2025-03-07",,
"Page 797/1000","/page/page_797_1000.html","2025-03-08","2025-03-08",,
"Page 798/1000","/page/page_798_1000.html","2025-03-09","2025-03-09",,
"Page 799/1000","/page/page_799_1000.html","2025-03-10","2025-03-10",,
"Page 800/1000","/page/page_800_1000.html","2025-03-11","2025-03-11",,
"Page 801/1000","/page/page_801_1000.html","2025-03-12","2025-03-12",,
"Page 802/1000","/page/page_802_1000.html","2025-03-13","2025-03-13",,
"Page 803/1000","/page/page_803_1000.html","2025-03-14","2025-03-14",,
"Page 804/1000","/page/page_804_1000.html","2025-03-15","2025-03-15",,
"Page 805/1000","/page/page_805_1000.html","2025-03-16","2025-03-16",,
"Page 806/1000","/page/page_806_1000.html","2025-03-17","2025-03-17",,
"Page 807/1000","/page/page_807_1000.html","2025-03-18","2025-03-18",,
"Page 808/1000","/page/page_808_1000.html","2025-03-19","2025-03-19",,
"Page 809/1000","/page/page_809_1000.html","2025-03-20","2025-03-20",,
"Page 810/1000","/page/page_810_1000.html","2025-03-21","2025-03-21",,
"Page 811/1000","/page/page_811_1000.html","2025-03-22","2025-03-22",,
"Page 812/1000","/page/page_812_1000.html","2025-03-23","2025-03-23",,
"Page 813/1000","/page/page_813_1000.html","2025-03-24","2025-03-24",,
"Page 814/1000","/page/page_814_1000.html","2025-03-25","2025-03-25",,
"Page 815/1000","/page/page_815_1000.html","2025-03-26","2025-03-26",,
"Page 816/1000","/page/page_816_1000.html","2025-03-27","2025-03-27",,
"Page 817/1000","/page/page_817_1000.html","2025-03-28","2025-03-28",,
"Page 818/1000","/page/page_818_1000.html","2025-03-29","2025-03-29",,
"Page 819/1000","/page/page_819_1000.html","2025-03-30","2025-03-30",,
"Page 820/1000","/page/page_820_1000.html","2025-03-31","2025-03-31",,
"Page 821/1000","/page/page_821_1000.html","2025-04-01","2025-04-01",,
"Page 822/1000","/page/page_822_1000.html","2025-04-02","2025-04-02",,
"Page 823/1000","/page/page_823_1000.html","2025-04-03","2025-04-03",,
"Page 824/1000","/page/page_824_1000.html","2025-04-04","2025-04-04",,
"Page 825/1000","/page/page_825_1000.html","2025-04-05","2025-04-05",,
"Page 826/1000","/page/page_826_1000.html","2025-04-06","2025-04-06",,
"Page 827/1000","/page/page_827_1000.html","2025-04-07","2025-04-07",,
"Page 828/1000","/page/page_828_1000.html","2025-04-08","2025-04-08",,
"Page 829/1000","/page/page_829_1000.html","2025-04-09","2025-04-09",,
"Page 830/1000","/page/page_830_1000.html","2025-04-10","2025-04-10",,
"Page 831/1000","/page/page_831_1000.html","2025-04-11","2025-04-11",,
"Page 832/1000","/page/page_832_1000.html","2025-04-12","2025-04-12",,
"Page 833/1000","/page/page_833_1000.html","2025-04-13","2025-04-13",,
"Page 834/1000","/page/page_834_1000.html","2025-04-14","2025-04-14",,
"Page 835/1000","/page/page_835_1000.html","2025-04-15","2025-04-15",,
"Page 836/1000","/page/page_836_1000.html","2025-04-16","2025-04-16",,
"Page 837/1000","/page/page_837_1000.html","2025-04-17","2025-04-17",,
"Page 838/1000","/page/page_838_1000.html","2025-04-18","2025-04-18",,
"Page 839/1000","/page/page_839_1000.html","2025-04-19","2025-04-19",,
"Page 840/1000","/page/page_840_1000.html","2025-04-20","2025-04-20",,
"Page 841/1000","/page/page_841_1000.html","2025-04-21","2025-04-21",,
"Page 842/1000","/page/page_842_1000.html","2025-04-22","2025-04-22",,
"Page 843/1000","/page/page_843_1000.html","2025-04-23","2025-04-23",,
"Page 844/1000","/page/page_844_1000.html","2025-04-24","2025-04-24",,
"Page 845/1000","/page/page_845_1000.html","2025-04-25","2025-04-25",,
"Page 846/1000","/page/page_846_1000.html","2025-04-26","2025-04-26",,
"Page 847/1000","/page/page_847_1000.html","2025-04-27","2025-04-27",,
"Page 848/1000","/page/page_848_1000.html","2025-04-28","2025-04-28",,
"Page 849/1000","/page/page_849_1000.html","2025-04-29","2025-04-29",,
"Page 850/1000","/page/page_850_1000.html","2025-04-30","2025-04-30",,
"Page 851/1000","/page/page_851_1000.html","2025-05-01","2025-05-01",,
"Page 852/1000","/page/page_852_1000.html","2025-05-02","2025-05-02",,
"Page 853/1000","/page/page_853_1000.html","2025-05-03","2025-05-03",,
"Page 854/1000","/page/page_854_1000.html","2025-05-04","2025-05-04",,
"Page 855/1000","/page/page_855_1000.html","2025-05-05","2025-05-05",,
"Page 856/1000","/page/page_856_1000.html","2025-05-06","2025-05-06",,
"Page 857/1000","/page/page_857_1000.html","2025-05-07","2025-05-07",,
"Page 858/1000","/page/page_858_1000.html","2025-05-08","2025-05-08",,
"Page 859/1000","/page/page_859_1000.html","2025-05-09","2025-05-09",,
"Page 860/1000","/page/page_860_1000.html","2025-05-10","2025-05-10",,
"Page 861/1000","/page/page_861_1000.html","2025-05-11","2025-05-11",,
"Page 862/1000","/page/page_862_1000.html","2025-05-12","2025-05-12",,
"Page 863/1000","/page/page_863_1000.html","2025-05-13","2025-05-13",,
"Page 864/1000","/page/page_864_1000.html","2025-05-14","2025-05-14",,
"Page 865/1000","/page/page_865_1000.html","2025-05-15","2025-05-15",,
"Page 866/1000","/page/page_866_1000.html","2025-05-16","2025-05-16",,
"Page 867/1000","/page/page_867_1000.html","2025-05-17","2025-05-17",,
"Page 868/1000","/page/page_868_1000.html","2025-05-18","2025-05-18",,
"Page 869/1000","/page/page_869_1000.html","2025-05-19","2025-05-19",,
"Page 870/1000","/page/page_870_1000.html","2025-05-20","2025-05-20",,
"Page 871/1000","/page/page_871_1000.html","2025-05-21","2025-05-21",,
"Page 872/1000","/page/page_872_1000.html","2025-05-22","2025-05-22",,
"Page 873/1000","/page/page_873_1000.html","2025-05-23","2025-05-23",,
"Page 874/1000","/page/page_874_1000.html","2025-05-24","2025-05-24",,
"Page 875/1000","/page/page_875_1000.html","2025-05-25","2025-05-25",,
"Page 876/1000","/page/page_876_1000.html","2025-05-26","2025-05-26",,
"Page 877/1000","/page/page_877_1000.html","2025-05-27","2025-05-27",,
"Page 878/1000","/page/page_878_1000.html","2025-05-28","2025-05-28",,
"Page 879/1000","/page/page_879_1000.html","2025-05-29","2025-05-29",,
"Page 880/1000","/page/page_880_1000.html","2025-05-30","2025-05-30",,
"Page 881/1000","/page/page_881_1000.html","2025-05-31","2025-05-31",,
"Page 882/1000","/page/page_882_1000.html","2025-06-01","2025-06-01",,
"Page 883/1000","/page/page_883_1000.html","2025-06-02","2025-06-02",,
"Page 884/1000","/page/page_884_1000.html","2025-06-03","2025-06-03",,
"Page 885/1000","/page/page_885_1000.html","2025-06-04","2025-06-04",,
"Page 886/1000","/page/page_886_1000.html","2025-06-05","2025-06-05",,
"Page 887/1000","/page/page_887_1000.html","2025-06-06","2025-06-06",,
"Page 888/1000","/page/page_888_1000.html","2025-06-07","2025-06-07",,
"Page 889/1000","/page/page_889_1000.html","2025-06-08","2025-06-08",,
"Page 890/1000","/page/page_890_1000.html","2025-06-09","2025-06-09",,
"Page 891/1000","/page/page_891_1000.html","2025-06-10","2025-06-10",,
"Page 892/1000","/page/page_892_1000.html","2025-06-11","2025-06-11",,
"Page 893/1000","/page/page_893_1000.html","2025-06-12","2025-06-12",,
"Page 894/1000","/page/page_894_1000.html","2025-06-13","2025-06-13",,
"Page 895/1000","/page/page_895_1000.html","2025-06-14","2025-06-14",,
"Page 896/1000","/page/page_896_1000.html","2025-06-15","2025-06-15",,
"Page 897/1000","/page/page_897_1000.html","2025-06-16","2025-06-16",,
"Page 898/1000","/page/page_898_1000.html","2025-06-17","2025-06-17",,
"Page 899/1000","/page/page_899_1000.html","2025-06-18","2025-06-18",,
"Page 900/1000","/page/page_900_1000.html","2025-06-19","2025-06-19",,
"Page 901/1000","/page/page_901_1000.html","2025-06-20","2025-06-20",,
"Page 902/1000","/page/page_902_1000.html","2025-06-21","2025-06-21",,
"Page 903/1000","/page/page_903_1000.html","2025-06-22","2025-06-22",,
"Page 904/1000","/page/page_904_1000.html","2025-06-23","2025-06-23",,
"Page 905/1000","/page/page_905_1000.html","2025-06-24","2025-06-24",,
"Page 906/1000","/page/page_906_1000.html","2025-06-25","2025-06-25",,
"Page 907/1000","/page/page_907_1000.html","2025-06-26","2025-06-26",,
"Page 908/1000","/page/page_908_1000.html","2025-06-27","2025-06-27",,
"Page 909/1000","/page/page_909_1000.html","2025-06-28","2025-06-28",,
"Page 910/1000","/page/page_910_1000.html","2025-06-29","2025-06-29",,
"Page 911/1000","/page/page_911_1000.html","2025-06-30","2025-06-30",,
"Page 912/1000","/page/page_912_1000.html","2025-07-01","2025-07-01",,
"Page 913/1000","/page/page_913_1000.html","2025-07-02","2025-07-02",,
"Page 914/1000","/page/page_914_1000.html","2025-07-03","2025-07-03",,
"Page 915/1000","/page/page_915_1000.html","2025-07-04","2025-07-04",,
"Page 916/1000","/page/page_916_1000.html","2025-07-05","2025-07-05",,
"Page 917/1000","/page/page_917_1000.html","2025-07-06","2025-07-06",,
"Page 918/1000","/page/page_918_1000.html","2025-07-07","2025-07-07",,
"Page 919/1000","/page/page_919_1000.html","2025-07-08","2025-07-08",,
"Page 920/1000","/page/page_920_1000.html","2025-07-09","2025-07-09",,
"Page 921/1000","/page/page_921_1000.html","2025-07-10","2025-07-10",,
"Page 922/1000","/page/page_922_1000.html","2025-07-11","2025-07-11",,
"Page 923/1000","/page/page_923_1000.html","2025-07-12","2025-07-12",,
"Page 924/1000","/page/page_924_1000.html","2025-07-13","2025-07-13",,
"Page 925/1000","/page/page_925_1000.html","2025-07-14","2025-07-14",,
"Page 926/1000","/page/page_926_1000.html","2025-07-15","2025-07-15",,
"Page 927/1000","/page/page_927_1000.html","2025-07-16","2025-07-16",,
"Page 928/1000","/page/page_928_1000.html","2025-07-17","2025-07-17",,
"Page 929/1000","/page/page_929_1000.html","2025-07-18","2025-07-18",,
"Page 930/1000","/page/page_930_1000.html","2025-07-19","2025-07-19",,
"Page 931/1000","/page/page_931_1000.html","2025-07-20","2025-07-20",,
"Page 932/1000","/page/page_932_1000.html","2025-07-21","2025-07-21",,
"Page 933/1000","/page/page_933_1000.html","2025-07-22","2025-07-22",,
"Page 934/1000","/page/page_934_1000.html","2025-07-23","2025-07-23",,
"Page 935/1000","/page/page_935_1000.html","2025-07-24","2025-07-24",,
"Page 936/1000","/page/page_936_1000.html","2025-07-25","2025-07-25",,
"Page 937/1000","/page/page_937_1000.html","2025-07-26","2025-07-26",,
"Page 938/1000","/page/page_938_1000.html","2025-07-27","2025-07-27",,
"Page 939/1000","/page/page_939_1000.html","2025-07-28","2025-07-28",,
"Page 940/1000","/page/page_940_1000.html","2025-07-29","2025-07-29",,
"Page 941/1000","/page/page_941_1000.html","2025-07-30","2025-07-30",,
"Page 942/1000","/page/page_942_1000.html","2025-07-31","2025-07-31",,
"Page 943/1000","/page/page_943_1000.html","2025-08-01","2025-08-01",,
"Page 944/1000","/page/page_944_1000.html","2025-08-02","2025-08-02",,
"Page 945/1000","/page/page_945_1000.html","2025-08-03","2025-08-03",,
"Page 946/1000","/page/page_946_1000.html","2025-08-04","2025-08-04",,
"Page 947/1000","/page/page_947_1000.html","2025-08-05","2025-08-05",,
"Page 948/1000","/page/page_948_1000.html","2025-08-06","2025-08-06",,
"Page 949/1000","/page/page_949_1000.html","2025-08-07","2025-08-07",,
"Page 950/1000","/page/page_950_1000.html","2025-08-08","2025-08-08",,
"Page 951/1000","/page/page_951_1000.html","2025-08-09","2025-08-09",,
"Page 952/1000","/page/page_952_1000.html","2025-08-10","2025-08-10",,
"Page 953/1000","/page/page_953_1000.html","2025-08-11","2025-08-11",,
"Page 954/1000","/page/page_954_1000.html","2025-08-12","2025-08-12",,
"Page 955/1000","/page/page_955_1000.html","2025-08-13","2025-08-13",,
"Page 956/1000","/page/page_956_1000.html","2025-08-14","2025-08-14",,
"Page 957/1000","/page/page_957_1000.html","2025-08-15","2025-08-15",,
"Page 958/1000","/page/page_958_1000.html","2025-08-16","2025-08-16",,
"Page 959/1000","/page/page_959_1000.html","2025-08-17","2025-08-17",,
"Page 960/1000","/page/page_960_1000.html","2025-08-18","2025-08-18",,
"Page 961/1000","/page/page_961_1000.html","2025-08-19","2025-08-19",,
"Page 962/1000","/page/page_962_1000.html","2025-08-20","2025-08-20",,
"Page 963/1000","/page/page_963_1000.html","2025-08-21","2025-08-21",,
"Page 964/1000","/page/page_964_1000.html","2025-08-22","2025-08-22",,
"Page 965/1000","/page/page_965_1000.html","2025-08-23","2025-08-23",,
"Page 966/1000","/page/page_966_1000.html","2025-08-24","2025-08-24",,
"Page 967/1000","/page/page_967_1000.html","2025-08-25","2025-08-25",,
"Page 968/1000","/page/page_968_1000.html","2025-08-26","2025-08-26",,
"Page 969/1000","/page/page_969_1000.html","2025-08-27","2025-08-27",,
"Page 970/1000","/page/page_970_1000.html","2025-08-28","2025-08-28",,
"Page 971/1000","/page/page_971_1000.html","2025-08-29","2025-08-29",,
"Page 972/1000","/page/page_972_1000.html","2025-08-30","2025-08-30",,
"Page 973/1000","/page/page_973_1000.html","2025-08-31","2025-08-31",,
"Page 974/1000","/page/page_974_1000.html","2025-09-01","2025-09-01",,
"Page 975/1000","/page/page_975_1000.html","2025-09-02","2025-09-02",,
"Page 976/1000","/page/page_976_1000.html","2025-09-03","2025-09-03",,
"Page 977/1000","/page/page_977_1000.html","2025-09-04","2025-09-04",,
"Page 978/1000","/page/page_978_1000.html","2025-09-05","2025-09-05",,
"Page 979/1000","/page/page_979_1000.html","2025-09-06","2025-09-06",,
"Page 980/1000","/page/page_980_1000.html","2025-09-07","2025-09-07",,
"Page 981/1000","/page/page_981_1000.html","2025-09-08","2025-09-08",,
"Page 982/1000","/page/page_982_1000.html","2025-09-09","2025-09-09",,
"Page 983/1000","/page/page_983_1000.html","2025-09-10","2025-09-10",,
"Page 984/1000","/page/page_984_1000.html","2025-09-11","2025-09-11",,
"Page 985/1000","/page/page_985_1000.html","2025-09-12","2025-09-12",,
"Page 986/1000","/page/page_986_1000.html","2025-09-13","2025-09-13",,
"Page 987/1000","/page/page_987_1000.html","2025-09-14","2025-09-14",,
"Page 988/1000","/page/page_988_1000.html","2025-09-15","2025-09-15",,
"Page 989/1000","/page/page_989_1000.html","2025-09-16","2025-09-16",,
"Page 990/1000","/page/page_990_1000.html","2025-09-17","2025-09-17",,
"Page 991/1000","/page/page_991_1000.html","2025-09-18","2025-09-18",,
"Page 992/1000","/page/page_992_1000.html","2025-09-19","2025-09-19",,
"Page 993/1000","/page/page_993_1000.html","2025-09-20","2025-09-20",,
"Page 994/1000","/page/page_994_1000.html","2025-09-21","2025-09-21",,
"Page 995/1000","/page/page_995_1000.html","2025-09-22","2025-09-22",,
"Page 996/1000","/page/page_996_1000.html","2025-09-23","2025-09-23",,
"Page 997/1000","/page/page_997_1000.html","2025-09-24","2025-09-24",,
"Page 998/1000","/page/page_998_1000.html","2025-09-25","2025-09-25",,
"Page 999/1000","/page/page_999_1000.html","2025-09-26","2025-09-26",,
"Page 1000/1000","/page/page_1000_1000.html","2025-09-27","2025-09-27",,
