"* path","* content","* id","* title","* title_breadcrumb","* title_h1","* title_label","* title_full","* logical_path","* list_flg","* layout","* orderby","* keywords","* description","* category_top_flg"
"/",,,"HOME",,,,,,"1","top",,,,"1"
"/page/page_0.html",,"page0","Page 0",,,,,,"1",,,,,"1"
"/page/page_1.html",,"page1","Page 1",,,,,"page0","1",,,,,
"/page/page_2.html",,"page2","Page 2",,,,,"page0>page1","1",,,,,
"/page/page_3.html",,"page3","Page 3",,,,,"page0>page1>page2","1",,,,,
"/page/page_4.html",,"page4","Page 4",,,,,"page0>page1>page2>page3","1",,,,,
"/page/page_5.html",,"page5","Page 5",,,,,"page0>page1>page2>page3>page4","1",,,,,
"/page/page_6.html",,"page6","Page 6",,,,,"page0>page1>page2>page3>page4>page5","1",,,,,
"/page/page_7.html",,"page7","Page 7",,,,,"page0>page1>page2>page3>page4>page5","1",,,,,
"/page/page_8.html",,"page8","Page 8",,,,,"page0>page1>page2>page3>page4>page5","1",,,,,
"/page/page_9.html",,"page9","Page 9",,,,,"page0>page1>page2>page3>page4>page5","1",,,,,
"/page/page_10.html",,"page10","Page 10",,,,,"page0>page1>page2>page3>page4>page5","1",,,,,
"/page/page_11.html",,"page11","Page 11",,,,,"page0>page1>page2>page3>page4","1",,,,,
"/page/page_12.html",,"page12","Page 12",,,,,"page0>page1>page2>page3>page4>page11","1",,,,,
"/page/page_13.html",,"page13","Page 13",,,,,"page0>page1>page2>page3>page4>page11","1",,,,,
"/page/page_14.html",,"page14","Page 14",,,,,"page0>page1>page2>page3>page4>page11","1",,,,,
"/page/page_15.html",,"page15","Page 15",,,,,"page0>page1>page2>page3>page4>page11","1",,,,,
"/page/page_16.html",,"page16","Page 16",,,,,"page0>page1>page2>page3>page4>page11","1",,,,,
"/page/page_17.html",,"page17","Page 17",,,,,"page0>page1>page2>page3>page4","1",,,,,
"/page/page_18.html",,"page18","Page 18",,,,,"page0>page1>page2>page3>page4>page17","1",,,,,
"/page/page_19.html",,"page19","Page 19",,,,,"page0>page1>page2>page3>page4>page17","1",,,,,
"/page/page_20.html",,"page20","Page 20",,,,,"page0>page1>page2>page3>page4>page17","1",,,,,
"/page/page_21.html",,"page21","Page 21",,,,,"page0>page1>page2>page3>page4>page17","1",,,,,
"/page/page_22.html",,"page22","Page 22",,,,,"page0>page1>page2>page3>page4>page17","1",,,,,
"/page/page_23.html",,"page23","Page 23",,,,,"page0>page1>page2>page3>page4","1",,,,,
"/page/page_24.html",,"page24","Page 24",,,,,"page0>page1>page2>page3>page4>page23","1",,,,,
"/page/page_25.html",,"page25","Page 25",,,,,"page0>page1>page2>page3>page4>page23","1",,,,,
"/page/page_26.html",,"page26","Page 26",,,,,"page0>page1>page2>page3>page4>page23","1",,,,,
"/page/page_27.html",,"page27","Page 27",,,,,"page0>page1>page2>page3>page4>page23","1",,,,,
"/page/page_28.html",,"page28","Page 28",,,,,"page0>page1>page2>page3>page4>page23","1",,,,,
"/page/page_29.html",,"page29","Page 29",,,,,"page0>page1>page2>page3>page4","1",,,,,
"/page/page_30.html",,"page30","Page 30",,,,,"page0>page1>page2>page3>page4>page29","1",,,,,
"/page/page_31.html",,"page31","Page 31",,,,,"page0>page1>page2>page3>page4>page29","1",,,,,
"/page/page_32.html",,"page32","Page 32",,,,,"page0>page1>page2>page3>page4>page29","1",,,,,
"/page/page_33.html",,"page33","Page 33",,,,,"page0>page1>page2>page3>page4>page29","1",,,,,
"/page/page_34.html",,"page34","Page 34",,,,,"page0>page1>page2>page3>page4>page29","1",,,,,
"/page/page_35.html",,"page35","Page 35",,,,,"page0>page1>page2>page3","1",,,,,
"/page/page_36.html",,"page36","Page 36",,,,,"page0>page1>page2>page3>page35","1",,,,,
"/page/page_37.html",,"page37","Page 37",,,,,"page0>page1>page2>page3>page35>page36","1",,,,,
"/page/page_38.html",,"page38","Page 38",,,,,"page0>page1>page2>page3>page35>page36","1",,,,,
"/page/page_39.html",,"page39","Page 39",,,,,"page0>page1>page2>page3>page35>page36","1",,,,,
"/page/page_40.html",,"page40","Page 40",,,,,"page0>page1>page2>page3>page35>page36","1",,,,,
"/page/page_41.html",,"page41","Page 41",,,,,"page0>page1>page2>page3>page35>page36","1",,,,,
"/page/page_42.html",,"page42","Page 42",,,,,"page0>page1>page2>page3>page35","1",,,,,
"/page/page_43.html",,"page43","Page 43",,,,,"page0>page1>page2>page3>page35>page42","1",,,,,
"/page/page_44.html",,"page44","Page 44",,,,,"page0>page1>page2>page3>page35>page42","1",,,,,
"/page/page_45.html",,"page45","Page 45",,,,,"page0>page1>page2>page3>page35>page42","1",,,,,
"/page/page_46.html",,"page46","Page 46",,,,,"page0>page1>page2>page3>page35>page42","1",,,,,
"/page/page_47.html",,"page47","Page 47",,,,,"page0>page1>page2>page3>page35>page42","1",,,,,
"/page/page_48.html",,"page48","Page 48",,,,,"page0>page1>page2>page3>page35","1",,,,,
"/page/page_49.html",,"page49","Page 49",,,,,"page0>page1>page2>page3>page35>page48","1",,,,,
"/page/page_50.html",,"page50","Page 50",,,,,"page0>page1>page2>page3>page35>page48","1",,,,,
"/page/page_51.html",,"page51","Page 51",,,,,"page0>page1>page2>page3>page35>page48","1",,,,,
"/page/page_52.html",,"page52","Page 52",,,,,"page0>page1>page2>page3>page35>page48","1",,,,,
"/page/page_53.html",,"page53","Page 53",,,,,"page0>page1>page2>page3>page35>page48","1",,,,,
"/page/page_54.html",,"page54","Page 54",,,,,"page0>page1>page2>page3>page35","1",,,,,
"/page/page_55.html",,"page55","Page 55",,,,,"page0>page1>page2>page3>page35>page54","1",,,,,
"/page/page_56.html",,"page56","Page 56",,,,,"page0>page1>page2>page3>page35>page54","1",,,,,
"/page/page_57.html",,"page57","Page 57",,,,,"page0>page1>page2>page3>page35>page54","1",,,,,
"/page/page_58.html",,"page58","Page 58",,,,,"page0>page1>page2>page3>page35>page54","1",,,,,
"/page/page_59.html",,"page59","Page 59",,,,,"page0>page1>page2>page3>page35>page54","1",,,,,
"/page/page_60.html",,"page60","Page 60",,,,,"page0>page1>page2>page3>page35","1",,,,,
"/page/page_61.html",,"page61","Page 61",,,,,"page0>page1>page2>page3>page35>page60","1",,,,,
"/page/page_62.html",,"page62","Page 62",,,,,"page0>page1>page2>page3>page35>page60","1",,,,,
"/page/page_63.html",,"page63","Page 63",,,,,"page0>page1>page2>page3>page35>page60","1",,,,,
"/page/page_64.html",,"page64","Page 64",,,,,"page0>page1>page2>page3>page35>page60","1",,,,,
"/page/page_65.html",,"page65","Page 65",,,,,"page0>page1>page2>page3>page35>page60","1",,,,,
"/page/page_66.html",,"page66","Page 66",,,,,"page0>page1>page2>page3","1",,,,,
"/page/page_67.html",,"page67","Page 67",,,,,"page0>page1>page2>page3>page66","1",,,,,
"/page/page_68.html",,"page68","Page 68",,,,,"page0>page1>page2>page3>page66>page67","1",,,,,
"/page/page_69.html",,"page69","Page 69",,,,,"page0>page1>page2>page3>page66>page67","1",,,,,
"/page/page_70.html",,"page70","Page 70",,,,,"page0>page1>page2>page3>page66>page67","1",,,,,
"/page/page_71.html",,"page71","Page 71",,,,,"page0>page1>page2>page3>page66>page67","1",,,,,
"/page/page_72.html",,"page72","Page 72",,,,,"page0>page1>page2>page3>page66>page67","1",,,,,
"/page/page_73.html",,"page73","Page 73",,,,,"page0>page1>page2>page3>page66","1",,,,,
"/page/page_74.html",,"page74","Page 74",,,,,"page0>page1>page2>page3>page66>page73","1",,,,,
"/page/page_75.html",,"page75","Page 75",,,,,"page0>page1>page2>page3>page66>page73","1",,,,,
"/page/page_76.html",,"page76","Page 76",,,,,"page0>page1>page2>page3>page66>page73","1",,,,,
"/page/page_77.html",,"page77","Page 77",,,,,"page0>page1>page2>page3>page66>page73","1",,,,,
"/page/page_78.html",,"page78","Page 78",,,,,"page0>page1>page2>page3>page66>page73","1",,,,,
"/page/page_79.html",,"page79","Page 79",,,,,"page0>page1>page2>page3>page66","1",,,,,
"/page/page_80.html",,"page80","Page 80",,,,,"page0>page1>page2>page3>page66>page79","1",,,,,
"/page/page_81.html",,"page81","Page 81",,,,,"page0>page1>page2>page3>page66>page79","1",,,,,
"/page/page_82.html",,"page82","Page 82",,,,,"page0>page1>page2>page3>page66>page79","1",,,,,
"/page/page_83.html",,"page83","Page 83",,,,,"page0>page1>page2>page3>page66>page79","1",,,,,
"/page/page_84.html",,"page84","Page 84",,,,,"page0>page1>page2>page3>page66>page79","1",,,,,
"/page/page_85.html",,"page85","Page 85",,,,,"page0>page1>page2>page3>page66","1",,,,,
"/page/page_86.html",,"page86","Page 86",,,,,"page0>page1>page2>page3>page66>page85","1",,,,,
"/page/page_87.html",,"page87","Page 87",,,,,"page0>page1>page2>page3>page66>page85","1",,,,,
"/page/page_88.html",,"page88","Page 88",,,,,"page0>page1>page2>page3>page66>page85","1",,,,,
"/page/page_89.html",,"page89","Page 89",,,,,"page0>page1>page2>page3>page66>page85","1",,,,,
"/page/page_90.html",,"page90","Page 90",,,,,"page0>page1>page2>page3>page66>page85","1",,,,,
"/page/page_91.html",,"page91","Page 91",,,,,"page0>page1>page2>page3>page66","1",,,,,
"/page/page_92.html",,"page92","Page 92",,,,,"page0>page1>page2>page3>page66>page91","1",,,,,
"/page/page_93.html",,"page93","Page 93",,,,,"page0>page1>page2>page3>page66>page91","1",,,,,
"/page/page_94.html",,"page94","Page 94",,,,,"page0>page1>page2>page3>page66>page91","1",,,,,
"/page/page_95.html",,"page95","Page 95",,,,,"page0>page1>page2>page3>page66>page91","1",,,,,
"/page/page_96.html",,"page96","Page 96",,,,,"page0>page1>page2>page3>page66>page91","1",,,,,
"/page/page_97.html",,"page97","Page 97",,,,,"page0>page1>page2>page3","1",,,,,
"/page/page_98.html",,"page98","Page 98",,,,,"page0>page1>page2>page3>page97","1",,,,,
"/page/page_99.html",,"page99","Page 99",,,,,"page0>page1>page2>page3>page97>page98","1",,,,,
"/page/page_100.html",,"page100","Page 100",,,,,"page0>page1>page2>page3>page97>page98","1",,,,,
"/page/page_101.html",,"page101","Page 101",,,,,"page0>page1>page2>page3>page97>page98","1",,,,,
"/page/page_102.html",,"page102","Page 102",,,,,"page0>page1>page2>page3>page97>page98","1",,,,,
"/page/page_103.html",,"page103","Page 103",,,,,"page0>page1>page2>page3>page97>page98","1",,,,,
"/page/page_104.html",,"page104","Page 104",,,,,"page0>page1>page2>page3>page97","1",,,,,
"/page/page_105.html",,"page105","Page 105",,,,,"page0>page1>page2>page3>page97>page104","1",,,,,
"/page/page_106.html",,"page106","Page 106",,,,,"page0>page1>page2>page3>page97>page104","1",,,,,
"/page/page_107.html",,"page107","Page 107",,,,,"page0>page1>page2>page3>page97>page104","1",,,,,
"/page/page_108.html",,"page108","Page 108",,,,,"page0>page1>page2>page3>page97>page104","1",,,,,
"/page/page_109.html",,"page109","Page 109",,,,,"page0>page1>page2>page3>page97>page104","1",,,,,
"/page/page_110.html",,"page110","Page 110",,,,,"page0>page1>page2>page3>page97","1",,,,,
"/page/page_111.html",,"page111","Page 111",,,,,"page0>page1>page2>page3>page97>page110","1",,,,,
"/page/page_112.html",,"page112","Page 112",,,,,"page0>page1>page2>page3>page97>page110","1",,,,,
"/page/page_113.html",,"page113","Page 113",,,,,"page0>page1>page2>page3>page97>page110","1",,,,,
"/page/page_114.html",,"page114","Page 114",,,,,"page0>page1>page2>page3>page97>page110","1",,,,,
"/page/page_115.html",,"page115","Page 115",,,,,"page0>page1>page2>page3>page97>page110","1",,,,,
"/page/page_116.html",,"page116","Page 116",,,,,"page0>page1>page2>page3>page97","1",,,,,
"/page/page_117.html",,"page117","Page 117",,,,,"page0>page1>page2>page3>page97>page116","1",,,,,
"/page/page_118.html",,"page118","Page 118",,,,,"page0>page1>page2>page3>page97>page116","1",,,,,
"/page/page_119.html",,"page119","Page 119",,,,,"page0>page1>page2>page3>page97>page116","1",,,,,
"/page/page_120.html",,"page120","Page 120",,,,,"page0>page1>page2>page3>page97>page116","1",,,,,
"/page/page_121.html",,"page121","Page 121",,,,,"page0>page1>page2>page3>page97>page116","1",,,,,
"/page/page_122.html",,"page122","Page 122",,,,,"page0>page1>page2>page3>page97","1",,,,,
"/page/page_123.html",,"page123","Page 123",,,,,"page0>page1>page2>page3>page97>page122","1",,,,,
"/page/page_124.html",,"page124","Page 124",,,,,"page0>page1>page2>page3>page97>page122","1",,,,,
"/page/page_125.html",,"page125","Page 125",,,,,"page0>page1>page2>page3>page97>page122","1",,,,,
"/page/page_126.html",,"page126","Page 126",,,,,"page0>page1>page2>page3>page97>page122","1",,,,,
"/page/page_127.html",,"page127","Page 127",,,,,"page0>page1>page2>page3>page97>page122","1",,,,,
"/page/page_128.html",,"page128","Page 128",,,,,"page0>page1>page2>page3","1",,,,,
"/page/page_129.html",,"page129","Page 129",,,,,"page0>page1>page2>page3>page128","1",,,,,
"/page/page_130.html",,"page130","Page 130",,,,,"page0>page1>page2>page3>page128>page129","1",,,,,
"/page/page_131.html",,"page131","Page 131",,,,,"page0>page1>page2>page3>page128>page129","1",,,,,
"/page/page_132.html",,"page132","Page 132",,,,,"page0>page1>page2>page3>page128>page129","1",,,,,
"/page/page_133.html",,"page133","Page 133",,,,,"page0>page1>page2>page3>page128>page129","1",,,,,
"/page/page_134.html",,"page134","Page 134",,,,,"page0>page1>page2>page3>page128>page129","1",,,,,
"/page/page_135.html",,"page135","Page 135",,,,,"page0>page1>page2>page3>page128","1",,,,,
"/page/page_136.html",,"page136","Page 136",,,,,"page0>page1>page2>page3>page128>page135","1",,,,,
"/page/page_137.html",,"page137","Page 137",,,,,"page0>page1>page2>page3>page128>page135","1",,,,,
"/page/page_138.html",,"page138","Page 138",,,,,"page0>page1>page2>page3>page128>page135","1",,,,,
"/page/page_139.html",,"page139","Page 139",,,,,"page0>page1>page2>page3>page128>page135","1",,,,,
"/page/page_140.html",,"page140","Page 140",,,,,"page0>page1>page2>page3>page128>page135","1",,,,,
"/page/page_141.html",,"page141","Page 141",,,,,"page0>page1>page2>page3>page128","1",,,,,
"/page/page_142.html",,"page142","Page 142",,,,,"page0>page1>page2>page3>page128>page141","1",,,,,
"/page/page_143.html",,"page143","Page 143",,,,,"page0>page1>page2>page3>page128>page141","1",,,,,
"/page/page_144.html",,"page144","Page 144",,,,,"page0>page1>page2>page3>page128>page141","1",,,,,
"/page/page_145.html",,"page145","Page 145",,,,,"page0>page1>page2>page3>page128>page141","1",,,,,
"/page/page_146.html",,"page146","Page 146",,,,,"page0>page1>page2>page3>page128>page141","1",,,,,
"/page/page_147.html",,"page147","Page 147",,,,,"page0>page1>page2>page3>page128","1",,,,,
"/page/page_148.html",,"page148","Page 148",,,,,"page0>page1>page2>page3>page128>page147","1",,,,,
"/page/page_149.html",,"page149","Page 149",,,,,"page0>page1>page2>page3>page128>page147","1",,,,,
"/page/page_150.html",,"page150","Page 150",,,,,"page0>page1>page2>page3>page128>page147","1",,,,,
"/page/page_151.html",,"page151","Page 151",,,,,"page0>page1>page2>page3>page128>page147","1",,,,,
"/page/page_152.html",,"page152","Page 152",,,,,"page0>page1>page2>page3>page128>page147","1",,,,,
"/page/page_153.html",,"page153","Page 153",,,,,"page0>page1>page2>page3>page128","1",,,,,
"/page/page_154.html",,"page154","Page 154",,,,,"page0>page1>page2>page3>page128>page153","1",,,,,
"/page/page_155.html",,"page155","Page 155",,,,,"page0>page1>page2>page3>page128>page153","1",,,,,
"/page/page_156.html",,"page156","Page 156",,,,,"page0>page1>page2>page3>page128>page153","1",,,,,
"/page/page_157.html",,"page157","Page 157",,,,,"page0>page1>page2>page3>page128>page153","1",,,,,
"/page/page_158.html",,"page158","Page 158",,,,,"page0>page1>page2>page3>page128>page153","1",,,,,
"/page/page_159.html",,"page159","Page 159",,,,,"page0>page1>page2","1",,,,,
"/page/page_160.html",,"page160","Page 160",,,,,"page0>page1>page2>page159","1",,,,,
"/page/page_161.html",,"page161","Page 161",,,,,"page0>page1>page2>page159>page160","1",,,,,
"/page/page_162.html",,"page162","Page 162",,,,,"page0>page1>page2>page159>page160>page161","1",,,,,
"/page/page_163.html",,"page163","Page 163",,,,,"page0>page1>page2>page159>page160>page161","1",,,,,
"/page/page_164.html",,"page164","Page 164",,,,,"page0>page1>page2>page159>page160>page161","1",,,,,
"/page/page_165.html",,"page165","Page 165",,,,,"page0>page1>page2>page159>page160>page161","1",,,,,
"/page/page_166.html",,"page166","Page 166",,,,,"page0>page1>page2>page159>page160>page161","1",,,,,
"/page/page_167.html",,"page167","Page 167",,,,,"page0>page1>page2>page159>page160","1",,,,,
"/page/page_168.html",,"page168","Page 168",,,,,"page0>page1>page2>page159>page160>page167","1",,,,,
"/page/page_169.html",,"page169","Page 169",,,,,"page0>page1>page2>page159>page160>page167","1",,,,,
"/page/page_170.html",,"page170","Page 170",,,,,"page0>page1>page2>page159>page160>page167","1",,,,,
"/page/page_171.html",,"page171","Page 171",,,,,"page0>page1>page2>page159>page160>page167","1",,,,,
"/page/page_172.html",,"page172","Page 172",,,,,"page0>page1>page2>page159>page160>page167","1",,,,,
"/page/page_173.html",,"page173","Page 173",,,,,"page0>page1>page2>page159>page160","1",,,,,
"/page/page_174.html",,"page174","Page 174",,,,,"page0>page1>page2>page159>page160>page173","1",,,,,
"/page/page_175.html",,"page175","Page 175",,,,,"page0>page1>page2>page159>page160>page173","1",,,,,
"/page/page_176.html",,"page176","Page 176",,,,,"page0>page1>page2>page159>page160>page173","1",,,,,
"/page/page_177.html",,"page177","Page 177",,,,,"page0>page1>page2>page159>page160>page173","1",,,,,
"/page/page_178.html",,"page178","Page 178",,,,,"page0>page1>page2>page159>page160>page173","1",,,,,
"/page/page_179.html",,"page179","Page 179",,,,,"page0>page1>page2>page159>page160","1",,,,,
"/page/page_180.html",,"page180","Page 180",,,,,"page0>page1>page2>page159>page160>page179","1",,,,,
"/page/page_181.html",,"page181","Page 181",,,,,"page0>page1>page2>page159>page160>page179","1",,,,,
"/page/page_182.html",,"page182","Page 182",,,,,"page0>page1>page2>page159>page160>page179","1",,,,,
"/page/page_183.html",,"page183","Page 183",,,,,"page0>page1>page2>page159>page160>page179","1",,,,,
"/page/page_184.html",,"page184","Page 184",,,,,"page0>page1>page2>page159>page160>page179","1",,,,,
"/page/page_185.html",,"page185","Page 185",,,,,"page0>page1>page2>page159>page160","1",,,,,
"/page/page_186.html",,"page186","Page 186",,,,,"page0>page1>page2>page159>page160>page185","1",,,,,
"/page/page_187.html",,"page187","Page 187",,,,,"page0>page1>page2>page159>page160>page185","1",,,,,
"/page/page_188.html",,"page188","Page 188",,,,,"page0>page1>page2>page159>page160>page185","1",,,,,
"/page/page_189.html",,"page189","Page 189",,,,,"page0>page1>page2>page159>page160>page185","1",,,,,
"/page/page_190.html",,"page190","Page 190",,,,,"page0>page1>page2>page159>page160>page185","1",,,,,
"/page/page_191.html",,"page191","Page 191",,,,,"page0>page1>page2>page159","1",,,,,
"/page/page_192.html",,"page192","Page 192",,,,,"page0>page1>page2>page159>page191","1",,,,,
"/page/page_193.html",,"page193","Page 193",,,,,"page0>page1>page2>page159>page191>page192","1",,,,,
"/page/page_194.html",,"page194","Page 194",,,,,"page0>page1>page2>page159>page191>page192","1",,,,,
"/page/page_195.html",,"page195","Page 195",,,,,"page0>page1>page2>page159>page191>page192","1",,,,,
"/page/page_196.html",,"page196","Page 196",,,,,"page0>page1>page2>page159>page191>page192","1",,,,,
"/page/page_197.html",,"page197","Page 197",,,,,"page0>page1>page2>page159>page191>page192","1",,,,,
"/page/page_198.html",,"page198","Page 198",,,,,"page0>page1>page2>page159>page191","1",,,,,
"/page/page_199.html",,"page199","Page 199",,,,,"page0>page1>page2>page159>page191>page198","1",,,,,
"/page/page_200.html",,"page200","Page 200",,,,,"page0>page1>page2>page159>page191>page198","1",,,,,
"/page/page_201.html",,"page201","Page 201",,,,,"page0>page1>page2>page159>page191>page198","1",,,,,
"/page/page_202.html",,"page202","Page 202",,,,,"page0>page1>page2>page159>page191>page198","1",,,,,
"/page/page_203.html",,"page203","Page 203",,,,,"page0>page1>page2>page159>page191>page198","1",,,,,
"/page/page_204.html",,"page204","Page 204",,,,,"page0>page1>page2>page159>page191","1",,,,,
"/page/page_205.html",,"page205","Page 205",,,,,"page0>page1>page2>page159>page191>page204","1",,,,,
"/page/page_206.html",,"page206","Page 206",,,,,"page0>page1>page2>page159>page191>page204","1",,,,,
"/page/page_207.html",,"page207","Page 207",,,,,"page0>page1>page2>page159>page191>page204","1",,,,,
"/page/page_208.html",,"page208","Page 208",,,,,"page0>page1>page2>page159>page191>page204","1",,,,,
"/page/page_209.html",,"page209","Page 209",,,,,"page0>page1>page2>page159>page191>page204","1",,,,,
"/page/page_210.html",,"page210","Page 210",,,,,"page0>page1>page2>page159>page191","1",,,,,
"/page/page_211.html",,"page211","Page 211",,,,,"page0>page1>page2>page159>page191>page210","1",,,,,
"/page/page_212.html",,"page212","Page 212",,,,,"page0>page1>page2>page159>page191>page210","1",,,,,
"/page/page_213.html",,"page213","Page 213",,,,,"page0>page1>page2>page159>page191>page210","1",,,,,
"/page/page_214.html",,"page214","Page 214",,,,,"page0>page1>page2>page159>page191>page210","1",,,,,
"/page/page_215.html",,"page215","Page 215",,,,,"page0>page1>page2>page159>page191>page210","1",,,,,
"/page/page_216.html",,"page216","Page 216",,,,,"page0>page1>page2>page159>page191","1",,,,,
"/page/page_217.html",,"page217","Page 217",,,,,"page0>page1>page2>page159>page191>page216","1",,,,,
"/page/page_218.html",,"page218","Page 218",,,,,"page0>page1>page2>page159>page191>page216","1",,,,,
"/page/page_219.html",,"page219","Page 219",,,,,"page0>page1>page2>page159>page191>page216","1",,,,,
"/page/page_220.html",,"page220","Page 220",,,,,"page0>page1>page2>page159>page191>page216","1",,,,,
"/page/page_221.html",,"page221","Page 221",,,,,"page0>page1>page2>page159>page191>page216","1",,,,,
"/page/page_222.html",,"page222","Page 222",,,,,"page0>page1>page2>page159","1",,,,,
"/page/page_223.html",,"page223","Page 223",,,,,"page0>page1>page2>page159>page222","1",,,,,
"/page/page_224.html",,"page224","Page 224",,,,,"page0>page1>page2>page159>page222>page223","1",,,,,
"/page/page_225.html",,"page225","Page 225",,,,,"page0>page1>page2>page159>page222>page223","1",,,,,
"/page/page_226.html",,"page226","Page 226",,,,,"page0>page1>page2>page159>page222>page223","1",,,,,
"/page/page_227.html",,"page227","Page 227",,,,,"page0>page1>page2>page159>page222>page223","1",,,,,
"/page/page_228.html",,"page228","Page 228",,,,,"page0>page1>page2>page159>page222>page223","1",,,,,
"/page/page_229.html",,"page229","Page 229",,,,,"page0>page1>page2>page159>page222","1",,,,,
"/page/page_230.html",,"page230","Page 230",,,,,"page0>page1>page2>page159>page222>page229","1",,,,,
"/page/page_231.html",,"page231","Page 231",,,,,"page0>page1>page2>page159>page222>page229","1",,,,,
"/page/page_232.html",,"page232","Page 232",,,,,"page0>page1>page2>page159>page222>page229","1",,,,,
"/page/page_233.html",,"page233","Page 233",,,,,"page0>page1>page2>page159>page222>page229","1",,,,,
"/page/page_234.html",,"page234","Page 234",,,,,"page0>page1>page2>page159>page222>page229","1",,,,,
"/page/page_235.html",,"page235","Page 235",,,,,"page0>page1>page2>page159>page222","1",,,,,
"/page/page_236.html",,"page236","Page 236",,,,,"page0>page1>page2>page159>page222>page235","1",,,,,
"/page/page_237.html",,"page237","Page 237",,,,,"page0>page1>page2>page159>page222>page235","1",,,,,
"/page/page_238.html",,"page238","Page 238",,,,,"page0>page1>page2>page159>page222>page235","1",,,,,
"/page/page_239.html",,"page239","Page 239",,,,,"page0>page1>page2>page159>page222>page235","1",,,,,
"/page/page_240.html",,"page240","Page 240",,,,,"page0>page1>page2>page159>page222>page235","1",,,,,
"/page/page_241.html",,"page241","Page 241",,,,,"page0>page1>page2>page159>page222","1",,,,,
"/page/page_242.html",,"page242","Page 242",,,,,"page0>page1>page2>page159>page222>page241","1",,,,,
"/page/page_243.html",,"page243","Page 243",,,,,"page0>page1>page2>page159>page222>page241","1",,,,,
"/page/page_244.html",,"page244","Page 244",,,,,"page0>page1>page2>page159>page222>page241","1",,,,,
"/page/page_245.html",,"page245","Page 245",,,,,"page0>page1>page2>page159>page222>page241","1",,,,,
"/page/page_246.html",,"page246","Page 246",,,,,"page0>page1>page2>page159>page222>page241","1",,,,,
"/page/page_247.html",,"page247","Page 247",,,,,"page0>page1>page2>page159>page222","1",,,,,
"/page/page_248.html",,"page248","Page 248",,,,,"page0>page1>page2>page159>page222>page247","1",,,,,
"/page/page_249.html",,"page249","Page 249",,,,,"page0>page1>page2>page159>page222>page247","1",,,,,
"/page/page_250.html",,"page250","Page 250",,,,,"page0>page1>page2>page159>page222>page247","1",,,,,
"/page/page_251.html",,"page251","Page 251",,,,,"page0>page1>page2>page159>page222>page247","1",,,,,
"/page/page_252.html",,"page252","Page 252",,,,,"page0>page1>page2>page159>page222>page247","1",,,,,
"/page/page_253.html",,"page253","Page 253",,,,,"page0>page1>page2>page159","1",,,,,
"/page/page_254.html",,"page254","Page 254",,,,,"page0>page1>page2>page159>page253","1",,,,,
"/page/page_255.html",,"page255","Page 255",,,,,"page0>page1>page2>page159>page253>page254","1",,,,,
"/page/page_256.html",,"page256","Page 256",,,,,"page0>page1>page2>page159>page253>page254","1",,,,,
"/page/page_257.html",,"page257","Page 257",,,,,"page0>page1>page2>page159>page253>page254","1",,,,,
"/page/page_258.html",,"page258","Page 258",,,,,"page0>page1>page2>page159>page253>page254","1",,,,,
"/page/page_259.html",,"page259","Page 259",,,,,"page0>page1>page2>page159>page253>page254","1",,,,,
"/page/page_260.html",,"page260","Page 260",,,,,"page0>page1>page2>page159>page253","1",,,,,
"/page/page_261.html",,"page261","Page 261",,,,,"page0>page1>page2>page159>page253>page260","1",,,,,
"/page/page_262.html",,"page262","Page 262",,,,,"page0>page1>page2>page159>page253>page260","1",,,,,
"/page/page_263.html",,"page263","Page 263",,,,,"page0>page1>page2>page159>page253>page260","1",,,,,
"/page/page_264.html",,"page264","Page 264",,,,,"page0>page1>page2>page159>page253>page260","1",,,,,
"/page/page_265.html",,"page265","Page 265",,,,,"page0>page1>page2>page159>page253>page260","1",,,,,
"/page/page_266.html",,"page266","Page 266",,,,,"page0>page1>page2>page159>page253","1",,,,,
"/page/page_267.html",,"page267","Page 267",,,,,"page0>page1>page2>page159>page253>page266","1",,,,,
"/page/page_268.html",,"page268","Page 268",,,,,"page0>page1>page2>page159>page253>page266","1",,,,,
"/page/page_269.html",,"page269","Page 269",,,,,"page0>page1>page2>page159>page253>page266","1",,,,,
"/page/page_270.html",,"page270","Page 270",,,,,"page0>page1>page2>page159>page253>page266","1",,,,,
"/page/page_271.html",,"page271","Page 271",,,,,"page0>page1>page2>page159>page253>page266","1",,,,,
"/page/page_272.html",,"page272","Page 272",,,,,"page0>page1>page2>page159>page253","1",,,,,
"/page/page_273.html",,"page273","Page 273",,,,,"page0>page1>page2>page159>page253>page272","1",,,,,
"/page/page_274.html",,"page274","Page 274",,,,,"page0>page1>page2>page159>page253>page272","1",,,,,
"/page/page_275.html",,"page275","Page 275",,,,,"page0>page1>page2>page159>page253>page272","1",,,,,
"/page/page_276.html",,"page276","Page 276",,,,,"page0>page1>page2>page159>page253>page272","1",,,,,
"/page/page_277.html",,"page277","Page 277",,,,,"page0>page1>page2>page159>page253>page272","1",,,,,
"/page/page_278.html",,"page278","Page 278",,,,,"page0>page1>page2>page159>page253","1",,,,,
"/page/page_279.html",,"page279","Page 279",,,,,"page0>page1>page2>page159>page253>page278","1",,,,,
"/page/page_280.html",,"page280","Page 280",,,,,"page0>page1>page2>page159>page253>page278","1",,,,,
"/page/page_281.html",,"page281","Page 281",,,,,"page0>page1>page2>page159>page253>page278","1",,,,,
"/page/page_282.html",,"page282","Page 282",,,,,"page0>page1>page2>page159>page253>page278","1",,,,,
"/page/page_283.html",,"page283","Page 283",,,,,"page0>page1>page2>page159>page253>page278","1",,,,,
"/page/page_284.html",,"page284","Page 284",,,,,"page0>page1>page2>page159","1",,,,,
"/page/page_285.html",,"page285","Page 285",,,,,"page0>page1>page2>page159>page284","1",,,,,
"/page/page_286.html",,"page286","Page 286",,,,,"page0>page1>page2>page159>page284>page285","1",,,,,
"/page/page_287.html",,"page287","Page 287",,,,,"page0>page1>page2>page159>page284>page285","1",,,,,
"/page/page_288.html",,"page288","Page 288",,,,,"page0>page1>page2>page159>page284>page285","1",,,,,
"/page/page_289.html",,"page289","Page 289",,,,,"page0>page1>page2>page159>page284>page285","1",,,,,
"/page/page_290.html",,"page290","Page 290",,,,,"page0>page1>page2>page159>page284>page285","1",,,,,
"/page/page_291.html",,"page291","Page 291",,,,,"page0>page1>page2>page159>page284","1",,,,,
"/page/page_292.html",,"page292","Page 292",,,,,"page0>page1>page2>page159>page284>page291","1",,,,,
"/page/page_293.html",,"page293","Page 293",,,,,"page0>page1>page2>page159>page284>page291","1",,,,,
"/page/page_294.html",,"page294","Page 294",,,,,"page0>page1>page2>page159>page284>page291","1",,,,,
"/page/page_295.html",,"page295","Page 295",,,,,"page0>page1>page2>page159>page284>page291","1",,,,,
"/page/page_296.html",,"page296","Page 296",,,,,"page0>page1>page2>page159>page284>page291","1",,,,,
"/page/page_297.html",,"page297","Page 297",,,,,"page0>page1>page2>page159>page284","1",,,,,
"/page/page_298.html",,"page298","Page 298",,,,,"page0>page1>page2>page159>page284>page297","1",,,,,
"/page/page_299.html",,"page299","Page 299",,,,,"page0>page1>page2>page159>page284>page297","1",,,,,
"/page/page_300.html",,"page300","Page 300",,,,,"page0>page1>page2>page159>page284>page297","1",,,,,
"/page/page_301.html",,"page301","Page 301",,,,,"page0>page1>page2>page159>page284>page297","1",,,,,
"/page/page_302.html",,"page302","Page 302",,,,,"page0>page1>page2>page159>page284>page297","1",,,,,
"/page/page_303.html",,"page303","Page 303",,,,,"page0>page1>page2>page159>page284","1",,,,,
"/page/page_304.html",,"page304","Page 304",,,,,"page0>page1>page2>page159>page284>page303","1",,,,,
"/page/page_305.html",,"page305","Page 305",,,,,"page0>page1>page2>page159>page284>page303","1",,,,,
"/page/page_306.html",,"page306","Page 306",,,,,"page0>page1>page2>page159>page284>page303","1",,,,,
"/page/page_307.html",,"page307","Page 307",,,,,"page0>page1>page2>page159>page284>page303","1",,,,,
"/page/page_308.html",,"page308","Page 308",,,,,"page0>page1>page2>page159>page284>page303","1",,,,,
"/page/page_309.html",,"page309","Page 309",,,,,"page0>page1>page2>page159>page284","1",,,,,
"/page/page_310.html",,"page310","Page 310",,,,,"page0>page1>page2>page159>page284>page309","1",,,,,
"/page/page_311.html",,"page311","Page 311",,,,,"page0>page1>page2>page159>page284>page309","1",,,,,
"/page/page_312.html",,"page312","Page 312",,,,,"page0>page1>page2>page159>page284>page309","1",,,,,
"/page/page_313.html",,"page313","Page 313",,,,,"page0>page1>page2>page159>page284>page309","1",,,,,
"/page/page_314.html",,"page314","Page 314",,,,,"page0>page1>page2>page159>page284>page309","1",,,,,
"/page/page_315.html",,"page315","Page 315",,,,,"page0>page1>page2","1",,,,,
"/page/page_316.html",,"page316","Page 316",,,,,"page0>page1>page2>page315","1",,,,,
"/page/page_317.html",,"page317","Page 317",,,,,"page0>page1>page2>page315>page316","1",,,,,
"/page/page_318.html",,"page318","Page 318",,,,,"page0>page1>page2>page315>page316>page317","1",,,,,
"/page/page_319.html",,"page319","Page 319",,,,,"page0>page1>page2>page315>page316>page317","1",,,,,
"/page/page_320.html",,"page320","Page 320",,,,,"page0>page1>page2>page315>page316>page317","1",,,,,
"/page/page_321.html",,"page321","Page 321",,,,,"page0>page1>page2>page315>page316>page317","1",,,,,
"/page/page_322.html",,"page322","Page 322",,,,,"page0>page1>page2>page315>page316>page317","1",,,,,
"/page/page_323.html",,"page323","Page 323",,,,,"page0>page1>page2>page315>page316","1",,,,,
"/page/page_324.html",,"page324","Page 324",,,,,"page0>page1>page2>page315>page316>page323","1",,,,,
"/page/page_325.html",,"page325","Page 325",,,,,"page0>page1>page2>page315>page316>page323","1",,,,,
"/page/page_326.html",,"page326","Page 326",,,,,"page0>page1>page2>page315>page316>page323","1",,,,,
"/page/page_327.html",,"page327","Page 327",,,,,"page0>page1>page2>page315>page316>page323","1",,,,,
"/page/page_328.html",,"page328","Page 328",,,,,"page0>page1>page2>page315>page316>page323","1",,,,,
"/page/page_329.html",,"page329","Page 329",,,,,"page0>page1>page2>page315>page316","1",,,,,
"/page/page_330.html",,"page330","Page 330",,,,,"page0>page1>page2>page315>page316>page329","1",,,,,
"/page/page_331.html",,"page331","Page 331",,,,,"page0>page1>page2>page315>page316>page329","1",,,,,
"/page/page_332.html",,"page332","Page 332",,,,,"page0>page1>page2>page315>page316>page329","1",,,,,
"/page/page_333.html",,"page333","Page 333",,,,,"page0>page1>page2>page315>page316>page329","1",,,,,
"/page/page_334.html",,"page334","Page 334",,,,,"page0>page1>page2>page315>page316>page329","1",,,,,
"/page/page_335.html",,"page335","Page 335",,,,,"page0>page1>page2>page315>page316","1",,,,,
"/page/page_336.html",,"page336","Page 336",,,,,"page0>page1>page2>page315>page316>page335","1",,,,,
"/page/page_337.html",,"page337","Page 337",,,,,"page0>page1>page2>page315>page316>page335","1",,,,,
"/page/page_338.html",,"page338","Page 338",,,,,"page0>page1>page2>page315>page316>page335","1",,,,,
"/page/page_339.html",,"page339","Page 339",,,,,"page0>page1>page2>page315>page316>page335","1",,,,,
"/page/page_340.html",,"page340","Page 340",,,,,"page0>page1>page2>page315>page316>page335","1",,,,,
"/page/page_341.html",,"page341","Page 341",,,,,"page0>page1>page2>page315>page316","1",,,,,
"/page/page_342.html",,"page342","Page 342",,,,,"page0>page1>page2>page315>page316>page341","1",,,,,
"/page/page_343.html",,"page343","Page 343",,,,,"page0>page1>page2>page315>page316>page341","1",,,,,
"/page/page_344.html",,"page344","Page 344",,,,,"page0>page1>page2>page315>page316>page341","1",,,,,
"/page/page_345.html",,"page345","Page 345",,,,,"page0>page1>page2>page315>page316>page341","1",,,,,
"/page/page_346.html",,"page346","Page 346",,,,,"page0>page1>page2>page315>page316>page341","1",,,,,
"/page/page_347.html",,"page347","Page 347",,,,,"page0>page1>page2>page315","1",,,,,
"/page/page_348.html",,"page348","Page 348",,,,,"page0>page1>page2>page315>page347","1",,,,,
"/page/page_349.html",,"page349","Page 349",,,,,"page0>page1>page2>page315>page347>page348","1",,,,,
"/page/page_350.html",,"page350","Page 350",,,,,"page0>page1>page2>page315>page347>page348","1",,,,,
"/page/page_351.html",,"page351","Page 351",,,,,"page0>page1>page2>page315>page347>page348","1",,,,,
"/page/page_352.html",,"page352","Page 352",,,,,"page0>page1>page2>page315>page347>page348","1",,,,,
"/page/page_353.html",,"page353","Page 353",,,,,"page0>page1>page2>page315>page347>page348","1",,,,,
"/page/page_354.html",,"page354","Page 354",,,,,"page0>page1>page2>page315>page347","1",,,,,
"/page/page_355.html",,"page355","Page 355",,,,,"page0>page1>page2>page315>page347>page354","1",,,,,
"/page/page_356.html",,"page356","Page 356",,,,,"page0>page1>page2>page315>page347>page354","1",,,,,
"/page/page_357.html",,"page357","Page 357",,,,,"page0>page1>page2>page315>page347>page354","1",,,,,
"/page/page_358.html",,"page358","Page 358",,,,,"page0>page1>page2>page315>page347>page354","1",,,,,
"/page/page_359.html",,"page359","Page 359",,,,,"page0>page1>page2>page315>page347>page354","1",,,,,
"/page/page_360.html",,"page360","Page 360",,,,,"page0>page1>page2>page315>page347","1",,,,,
"/page/page_361.html",,"page361","Page 361",,,,,"page0>page1>page2>page315>page347>page360","1",,,,,
"/page/page_362.html",,"page362","Page 362",,,,,"page0>page1>page2>page315>page347>page360","1",,,,,
"/page/page_363.html",,"page363","Page 363",,,,,"page0>page1>page2>page315>page347>page360","1",,,,,
"/page/page_364.html",,"page364","Page 364",,,,,"page0>page1>page2>page315>page347>page360","1",,,,,
"/page/page_365.html",,"page365","Page 365",,,,,"page0>page1>page2>page315>page347>page360","1",,,,,
"/page/page_366.html",,"page366","Page 366",,,,,"page0>page1>page2>page315>page347","1",,,,,
"/page/page_367.html",,"page367","Page 367",,,,,"page0>page1>page2>page315>page347>page366","1",,,,,
"/page/page_368.html",,"page368","Page 368",,,,,"page0>page1>page2>page315>page347>page366","1",,,,,
"/page/page_369.html",,"page369","Page 369",,,,,"page0>page1>page2>page315>page347>page366","1",,,,,
"/page/page_370.html",,"page370","Page 370",,,,,"page0>page1>page2>page315>page347>page366","1",,,,,
"/page/page_371.html",,"page371","Page 371",,,,,"page0>page1>page2>page315>page347>page366","1",,,,,
"/page/page_372.html",,"page372","Page 372",,,,,"page0>page1>page2>page315>page347","1",,,,,
"/page/page_373.html",,"page373","Page 373",,,,,"page0>page1>page2>page315>page347>page372","1",,,,,
"/page/page_374.html",,"page374","Page 374",,,,,"page0>page1>page2>page315>page347>page372","1",,,,,
"/page/page_375.html",,"page375","Page 375",,,,,"page0>page1>page2>page315>page347>page372","1",,,,,
"/page/page_376.html",,"page376","Page 376",,,,,"page0>page1>page2>page315>page347>page372","1",,,,,
"/page/page_377.html",,"page377","Page 377",,,,,"page0>page1>page2>page315>page347>page372","1",,,,,
"/page/page_378.html",,"page378","Page 378",,,,,"page0>page1>page2>page315","1",,,,,
"/page/page_379.html",,"page379","Page 379",,,,,"page0>page1>page2>page315>page378","1",,,,,
"/page/page_380.html",,"page380","Page 380",,,,,"page0>page1>page2>page315>page378>page379","1",,,,,
"/page/page_381.html",,"page381","Page 381",,,,,"page0>page1>page2>page315>page378>page379","1",,,,,
"/page/page_382.html",,"page382","Page 382",,,,,"page0>page1>page2>page315>page378>page379","1",,,,,
"/page/page_383.html",,"page383","Page 383",,,,,"page0>page1>page2>page315>page378>page379","1",,,,,
"/page/page_384.html",,"page384","Page 384",,,,,"page0>page1>page2>page315>page378>page379","1",,,,,
"/page/page_385.html",,"page385","Page 385",,,,,"page0>page1>page2>page315>page378","1",,,,,
"/page/page_386.html",,"page386","Page 386",,,,,"page0>page1>page2>page315>page378>page385","1",,,,,
"/page/page_387.html",,"page387","Page 387",,,,,"page0>page1>page2>page315>page378>page385","1",,,,,
"/page/page_388.html",,"page388","Page 388",,,,,"page0>page1>page2>page315>page378>page385","1",,,,,
"/page/page_389.html",,"page389","Page 389",,,,,"page0>page1>page2>page315>page378>page385","1",,,,,
"/page/page_390.html",,"page390","Page 390",,,,,"page0>page1>page2>page315>page378>page385","1",,,,,
"/page/page_391.html",,"page391","Page 391",,,,,"page0>page1>page2>page315>page378","1",,,,,
"/page/page_392.html",,"page392","Page 392",,,,,"page0>page1>page2>page315>page378>page391","1",,,,,
"/page/page_393.html",,"page393","Page 393",,,,,"page0>page1>page2>page315>page378>page391","1",,,,,
"/page/page_394.html",,"page394","Page 394",,,,,"page0>page1>page2>page315>page378>page391","1",,,,,
"/page/page_395.html",,"page395","Page 395",,,,,"page0>page1>page2>page315>page378>page391","1",,,,,
"/page/page_396.html",,"page396","Page 396",,,,,"page0>page1>page2>page315>page378>page391","1",,,,,
"/page/page_397.html",,"page397","Page 397",,,,,"page0>page1>page2>page315>page378","1",,,,,
"/page/page_398.html",,"page398","Page 398",,,,,"page0>page1>page2>page315>page378>page397","1",,,,,
"/page/page_399.html",,"page399","Page 399",,,,,"page0>page1>page2>page315>page378>page397","1",,,,,
"/page/page_400.html",,"page400","Page 400",,,,,"page0>page1>page2>page315>page378>page397","1",,,,,
"/page/page_401.html",,"page401","Page 401",,,,,"page0>page1>page2>page315>page378>page397","1",,,,,
"/page/page_402.html",,"page402","Page 402",,,,,"page0>page1>page2>page315>page378>page397","1",,,,,
"/page/page_403.html",,"page403","Page 403",,,,,"page0>page1>page2>page315>page378","1",,,,,
"/page/page_404.html",,"page404","Page 404",,,,,"page0>page1>page2>page315>page378>page403","1",,,,,
"/page/page_405.html",,"page405","Page 405",,,,,"page0>page1>page2>page315>page378>page403","1",,,,,
"/page/page_406.html",,"page406","Page 406",,,,,"page0>page1>page2>page315>page378>page403","1",,,,,
"/page/page_407.html",,"page407","Page 407",,,,,"page0>page1>page2>page315>page378>page403","1",,,,,
"/page/page_408.html",,"page408","Page 408",,,,,"page0>page1>page2>page315>page378>page403","1",,,,,
"/page/page_409.html",,"page409","Page 409",,,,,"page0>page1>page2>page315","1",,,,,
"/page/page_410.html",,"page410","Page 410",,,,,"page0>page1>page2>page315>page409","1",,,,,
"/page/page_411.html",,"page411","Page 411",,,,,"page0>page1>page2>page315>page409>page410","1",,,,,
"/page/page_412.html",,"page412","Page 412",,,,,"page0>page1>page2>page315>page409>page410","1",,,,,
"/page/page_413.html",,"page413","Page 413",,,,,"page0>page1>page2>page315>page409>page410","1",,,,,
"/page/page_414.html",,"page414","Page 414",,,,,"page0>page1>page2>page315>page409>page410","1",,,,,
"/page/page_415.html",,"page415","Page 415",,,,,"page0>page1>page2>page315>page409>page410","1",,,,,
"/page/page_416.html",,"page416","Page 416",,,,,"page0>page1>page2>page315>page409","1",,,,,
"/page/page_417.html",,"page417","Page 417",,,,,"page0>page1>page2>page315>page409>page416","1",,,,,
"/page/page_418.html",,"page418","Page 418",,,,,"page0>page1>page2>page315>page409>page416","1",,,,,
"/page/page_419.html",,"page419","Page 419",,,,,"page0>page1>page2>page315>page409>page416","1",,,,,
"/page/page_420.html",,"page420","Page 420",,,,,"page0>page1>page2>page315>page409>page416","1",,,,,
"/page/page_421.html",,"page421","Page 421",,,,,"page0>page1>page2>page315>page409>page416","1",,,,,
"/page/page_422.html",,"page422","Page 422",,,,,"page0>page1>page2>page315>page409","1",,,,,
"/page/page_423.html",,"page423","Page 423",,,,,"page0>page1>page2>page315>page409>page422","1",,,,,
"/page/page_424.html",,"page424","Page 424",,,,,"page0>page1>page2>page315>page409>page422","1",,,,,
"/page/page_425.html",,"page425","Page 425",,,,,"page0>page1>page2>page315>page409>page422","1",,,,,
"/page/page_426.html",,"page426","Page 426",,,,,"page0>page1>page2>page315>page409>page422","1",,,,,
"/page/page_427.html",,"page427","Page 427",,,,,"page0>page1>page2>page315>page409>page422","1",,,,,
"/page/page_428.html",,"page428","Page 428",,,,,"page0>page1>page2>page315>page409","1",,,,,
"/page/page_429.html",,"page429","Page 429",,,,,"page0>page1>page2>page315>page409>page428","1",,,,,
"/page/page_430.html",,"page430","Page 430",,,,,"page0>page1>page2>page315>page409>page428","1",,,,,
"/page/page_431.html",,"page431","Page 431",,,,,"page0>page1>page2>page315>page409>page428","1",,,,,
"/page/page_432.html",,"page432","Page 432",,,,,"page0>page1>page2>page315>page409>page428","1",,,,,
"/page/page_433.html",,"page433","Page 433",,,,,"page0>page1>page2>page315>page409>page428","1",,,,,
"/page/page_434.html",,"page434","Page 434",,,,,"page0>page1>page2>page315>page409","1",,,,,
"/page/page_435.html",,"page435","Page 435",,,,,"page0>page1>page2>page315>page409>page434","1",,,,,
"/page/page_436.html",,"page436","Page 436",,,,,"page0>page1>page2>page315>page409>page434","1",,,,,
"/page/page_437.html",,"page437","Page 437",,,,,"page0>page1>page2>page315>page409>page434","1",,,,,
"/page/page_438.html",,"page438","Page 438",,,,,"page0>page1>page2>page315>page409>page434","1",,,,,
"/page/page_439.html",,"page439","Page 439",,,,,"page0>page1>page2>page315>page409>page434","1",,,,,
"/page/page_440.html",,"page440","Page 440",,,,,"page0>page1>page2>page315","1",,,,,
"/page/page_441.html",,"page441","Page 441",,,,,"page0>page1>page2>page315>page440","1",,,,,
"/page/page_442.html",,"page442","Page 442",,,,,"page0>page1>page2>page315>page440>page441","1",,,,,
"/page/page_443.html",,"page443","Page 443",,,,,"page0>page1>page2>page315>page440>page441","1",,,,,
"/page/page_444.html",,"page444","Page 444",,,,,"page0>page1>page2>page315>page440>page441","1",,,,,
"/page/page_445.html",,"page445","Page 445",,,,,"page0>page1>page2>page315>page440>page441","1",,,,,
"/page/page_446.html",,"page446","Page 446",,,,,"page0>page1>page2>page315>page440>page441","1",,,,,
"/page/page_447.html",,"page447","Page 447",,,,,"page0>page1>page2>page315>page440","1",,,,,
"/page/page_448.html",,"page448","Page 448",,,,,"page0>page1>page2>page315>page440>page447","1",,,,,
"/page/page_449.html",,"page449","Page 449",,,,,"page0>page1>page2>page315>page440>page447","1",,,,,
"/page/page_450.html",,"page450","Page 450",,,,,"page0>page1>page2>page315>page440>page447","1",,,,,
"/page/page_451.html",,"page451","Page 451",,,,,"page0>page1>page2>page315>page440>page447","1",,,,,
"/page/page_452.html",,"page452","Page 452",,,,,"page0>page1>page2>page315>page440>page447","1",,,,,
"/page/page_453.html",,"page453","Page 453",,,,,"page0>page1>page2>page315>page440","1",,,,,
"/page/page_454.html",,"page454","Page 454",,,,,"page0>page1>page2>page315>page440>page453","1",,,,,
"/page/page_455.html",,"page455","Page 455",,,,,"page0>page1>page2>page315>page440>page453","1",,,,,
"/page/page_456.html",,"page456","Page 456",,,,,"page0>page1>page2>page315>page440>page453","1",,,,,
"/page/page_457.html",,"page457","Page 457",,,,,"page0>page1>page2>page315>page440>page453","1",,,,,
"/page/page_458.html",,"page458","Page 458",,,,,"page0>page1>page2>page315>page440>page453","1",,,,,
"/page/page_459.html",,"page459","Page 459",,,,,"page0>page1>page2>page315>page440","1",,,,,
"/page/page_460.html",,"page460","Page 460",,,,,"page0>page1>page2>page315>page440>page459","1",,,,,
"/page/page_461.html",,"page461","Page 461",,,,,"page0>page1>page2>page315>page440>page459","1",,,,,
"/page/page_462.html",,"page462","Page 462",,,,,"page0>page1>page2>page315>page440>page459","1",,,,,
"/page/page_463.html",,"page463","Page 463",,,,,"page0>page1>page2>page315>page440>page459","1",,,,,
"/page/page_464.html",,"page464","Page 464",,,,,"page0>page1>page2>page315>page440>page459","1",,,,,
"/page/page_465.html",,"page465","Page 465",,,,,"page0>page1>page2>page315>page440","1",,,,,
"/page/page_466.html",,"page466","Page 466",,,,,"page0>page1>page2>page315>page440>page465","1",,,,,
"/page/page_467.html",,"page467","Page 467",,,,,"page0>page1>page2>page315>page440>page465","1",,,,,
"/page/page_468.html",,"page468","Page 468",,,,,"page0>page1>page2>page315>page440>page465","1",,,,,
"/page/page_469.html",,"page469","Page 469",,,,,"page0>page1>page2>page315>page440>page465","1",,,,,
"/page/page_470.html",,"page470","Page 470",,,,,"page0>page1>page2>page315>page440>page465","1",,,,,
"/page/page_471.html",,"page471","Page 471",,,,,"page0>page1>page2","1",,,,,
"/page/page_472.html",,"page472","Page 472",,,,,"page0>page1>page2>page471","1",,,,,
"/page/page_473.html",,"page473","Page 473",,,,,"page0>page1>page2>page471>page472","1",,,,,
"/page/page_474.html",,"page474","Page 474",,,,,"page0>page1>page2>page471>page472>page473","1",,,,,
"/page/page_475.html",,"page475","Page 475",,,,,"page0>page1>page2>page471>page472>page473","1",,,,,
"/page/page_476.html",,"page476","Page 476",,,,,"page0>page1>page2>page471>page472>page473","1",,,,,
"/page/page_477.html",,"page477","Page 477",,,,,"page0>page1>page2>page471>page472>page473","1",,,,,
"/page/page_478.html",,"page478","Page 478",,,,,"page0>page1>page2>page471>page472>page473","1",,,,,
"/page/page_479.html",,"page479","Page 479",,,,,"page0>page1>page2>page471>page472","1",,,,,
"/page/page_480.html",,"page480","Page 480",,,,,"page0>page1>page2>page471>page472>page479","1",,,,,
"/page/page_481.html",,"page481","Page 481",,,,,"page0>page1>page2>page471>page472>page479","1",,,,,
"/page/page_482.html",,"page482","Page 482",,,,,"page0>page1>page2>page471>page472>page479","1",,,,,
"/page/page_483.html",,"page483","Page 483",,,,,"page0>page1>page2>page471>page472>page479","1",,,,,
"/page/page_484.html",,"page484","Page 484",,,,,"page0>page1>page2>page471>page472>page479","1",,,,,
"/page/page_485.html",,"page485","Page 485",,,,,"page0>page1>page2>page471>page472","1",,,,,
"/page/page_486.html",,"page486","Page 486",,,,,"page0>page1>page2>page471>page472>page485","1",,,,,
"/page/page_487.html",,"page487","Page 487",,,,,"page0>page1>page2>page471>page472>page485","1",,,,,
"/page/page_488.html",,"page488","Page 488",,,,,"page0>page1>page2>page471>page472>page485","1",,,,,
"/page/page_489.html",,"page489","Page 489",,,,,"page0>page1>page2>page471>page472>page485","1",,,,,
"/page/page_490.html",,"page490","Page 490",,,,,"page0>page1>page2>page471>page472>page485","1",,,,,
"/page/page_491.html",,"page491","Page 491",,,,,"page0>page1>page2>page471>page472","1",,,,,
"/page/page_492.html",,"page492","Page 492",,,,,"page0>page1>page2>page471>page472>page491","1",,,,,
"/page/page_493.html",,"page493","Page 493",,,,,"page0>page1>page2>page471>page472>page491","1",,,,,
"/page/page_494.html",,"page494","Page 494",,,,,"page0>page1>page2>page471>page472>page491","1",,,,,
"/page/page_495.html",,"page495","Page 495",,,,,"page0>page1>page2>page471>page472>page491","1",,,,,
"/page/page_496.html",,"page496","Page 496",,,,,"page0>page1>page2>page471>page472>page491","1",,,,,
"/page/page_497.html",,"page497","Page 497",,,,,"page0>page1>page2>page471>page472","1",,,,,
"/page/page_498.html",,"page498","Page 498",,,,,"page0>page1>page2>page471>page472>page497","1",,,,,
"/page/page_499.html",,"page499","Page 499",,,,,"page0>page1>page2>page471>page472>page497","1",,,,,
"/page/page_500.html",,"page500","Page 500",,,,,"page0>page1>page2>page471>page472>page497","1",,,,,
"/page/page_501.html",,"page501","Page 501",,,,,"page0>page1>page2>page471>page472>page497","1",,,,,
"/page/page_502.html",,"page502","Page 502",,,,,"page0>page1>page2>page471>page472>page497","1",,,,,
"/page/page_503.html",,"page503","Page 503",,,,,"page0>page1>page2>page471","1",,,,,
"/page/page_504.html",,"page504","Page 504",,,,,"page0>page1>page2>page471>page503","1",,,,,
"/page/page_505.html",,"page505","Page 505",,,,,"page0>page1>page2>page471>page503>page504","1",,,,,
"/page/page_506.html",,"page506","Page 506",,,,,"page0>page1>page2>page471>page503>page504","1",,,,,
"/page/page_507.html",,"page507","Page 507",,,,,"page0>page1>page2>page471>page503>page504","1",,,,,
"/page/page_508.html",,"page508","Page 508",,,,,"page0>page1>page2>page471>page503>page504","1",,,,,
"/page/page_509.html",,"page509","Page 509",,,,,"page0>page1>page2>page471>page503>page504","1",,,,,
"/page/page_510.html",,"page510","Page 510",,,,,"page0>page1>page2>page471>page503","1",,,,,
"/page/page_511.html",,"page511","Page 511",,,,,"page0>page1>page2>page471>page503>page510","1",,,,,
"/page/page_512.html",,"page512","Page 512",,,,,"page0>page1>page2>page471>page503>page510","1",,,,,
"/page/page_513.html",,"page513","Page 513",,,,,"page0>page1>page2>page471>page503>page510","1",,,,,
"/page/page_514.html",,"page514","Page 514",,,,,"page0>page1>page2>page471>page503>page510","1",,,,,
"/page/page_515.html",,"page515","Page 515",,,,,"page0>page1>page2>page471>page503>page510","1",,,,,
"/page/page_516.html",,"page516","Page 516",,,,,"page0>page1>page2>page471>page503","1",,,,,
"/page/page_517.html",,"page517","Page 517",,,,,"page0>page1>page2>page471>page503>page516","1",,,,,
"/page/page_518.html",,"page518","Page 518",,,,,"page0>page1>page2>page471>page503>page516","1",,,,,
"/page/page_519.html",,"page519","Page 519",,,,,"page0>page1>page2>page471>page503>page516","1",,,,,
"/page/page_520.html",,"page520","Page 520",,,,,"page0>page1>page2>page471>page503>page516","1",,,,,
"/page/page_521.html",,"page521","Page 521",,,,,"page0>page1>page2>page471>page503>page516","1",,,,,
"/page/page_522.html",,"page522","Page 522",,,,,"page0>page1>page2>page471>page503","1",,,,,
"/page/page_523.html",,"page523","Page 523",,,,,"page0>page1>page2>page471>page503>page522","1",,,,,
"/page/page_524.html",,"page524","Page 524",,,,,"page0>page1>page2>page471>page503>page522","1",,,,,
"/page/page_525.html",,"page525","Page 525",,,,,"page0>page1>page2>page471>page503>page522","1",,,,,
"/page/page_526.html",,"page526","Page 526",,,,,"page0>page1>page2>page471>page503>page522","1",,,,,
"/page/page_527.html",,"page527","Page 527",,,,,"page0>page1>page2>page471>page503>page522","1",,,,,
"/page/page_528.html",,"page528","Page 528",,,,,"page0>page1>page2>page471>page503","1",,,,,
"/page/page_529.html",,"page529","Page 529",,,,,"page0>page1>page2>page471>page503>page528","1",,,,,
"/page/page_530.html",,"page530","Page 530",,,,,"page0>page1>page2>page471>page503>page528","1",,,,,
"/page/page_531.html",,"page531","Page 531",,,,,"page0>page1>page2>page471>page503>page528","1",,,,,
"/page/page_532.html",,"page532","Page 532",,,,,"page0>page1>page2>page471>page503>page528","1",,,,,
"/page/page_533.html",,"page533","Page 533",,,,,"page0>page1>page2>page471>page503>page528","1",,,,,
"/page/page_534.html",,"page534","Page 534",,,,,"page0>page1>page2>page471","1",,,,,
"/page/page_535.html",,"page535","Page 535",,,,,"page0>page1>page2>page471>page534","1",,,,,
"/page/page_536.html",,"page536","Page 536",,,,,"page0>page1>page2>page471>page534>page535","1",,,,,
"/page/page_537.html",,"page537","Page 537",,,,,"page0>page1>page2>page471>page534>page535","1",,,,,
"/page/page_538.html",,"page538","Page 538",,,,,"page0>page1>page2>page471>page534>page535","1",,,,,
"/page/page_539.html",,"page539","Page 539",,,,,"page0>page1>page2>page471>page534>page535","1",,,,,
"/page/page_540.html",,"page540","Page 540",,,,,"page0>page1>page2>page471>page534>page535","1",,,,,
"/page/page_541.html",,"page541","Page 541",,,,,"page0>page1>page2>page471>page534","1",,,,,
"/page/page_542.html",,"page542","Page 542",,,,,"page0>page1>page2>page471>page534>page541","1",,,,,
"/page/page_543.html",,"page543","Page 543",,,,,"page0>page1>page2>page471>page534>page541","1",,,,,
"/page/page_544.html",,"page544","Page 544",,,,,"page0>page1>page2>page471>page534>page541","1",,,,,
"/page/page_545.html",,"page545","Page 545",,,,,"page0>page1>page2>page471>page534>page541","1",,,,,
"/page/page_546.html",,"page546","Page 546",,,,,"page0>page1>page2>page471>page534>page541","1",,,,,
"/page/page_547.html",,"page547","Page 547",,,,,"page0>page1>page2>page471>page534","1",,,,,
"/page/page_548.html",,"page548","Page 548",,,,,"page0>page1>page2>page471>page534>page547","1",,,,,
"/page/page_549.html",,"page549","Page 549",,,,,"page0>page1>page2>page471>page534>page547","1",,,,,
"/page/page_550.html",,"page550","Page 550",,,,,"page0>page1>page2>page471>page534>page547","1",,,,,
"/page/page_551.html",,"page551","Page 551",,,,,"page0>page1>page2>page471>page534>page547","1",,,,,
"/page/page_552.html",,"page552","Page 552",,,,,"page0>page1>page2>page471>page534>page547","1",,,,,
"/page/page_553.html",,"page553","Page 553",,,,,"page0>page1>page2>page471>page534","1",,,,,
"/page/page_554.html",,"page554","Page 554",,,,,"page0>page1>page2>page471>page534>page553","1",,,,,
"/page/page_555.html",,"page555","Page 555",,,,,"page0>page1>page2>page471>page534>page553","1",,,,,
"/page/page_556.html",,"page556","Page 556",,,,,"page0>page1>page2>page471>page534>page553","1",,,,,
"/page/page_557.html",,"page557","Page 557",,,,,"page0>page1>page2>page471>page534>page553","1",,,,,
"/page/page_558.html",,"page558","Page 558",,,,,"page0>page1>page2>page471>page534>page553","1",,,,,
"/page/page_559.html",,"page559","Page 559",,,,,"page0>page1>page2>page471>page534","1",,,,,
"/page/page_560.html",,"page560","Page 560",,,,,"page0>page1>page2>page471>page534>page559","1",,,,,
"/page/page_561.html",,"page561","Page 561",,,,,"page0>page1>page2>page471>page534>page559","1",,,,,
"/page/page_562.html",,"page562","Page 562",,,,,"page0>page1>page2>page471>page534>page559","1",,,,,
"/page/page_563.html",,"page563","Page 563",,,,,"page0>page1>page2>page471>page534>page559","1",,,,,
"/page/page_564.html",,"page564","Page 564",,,,,"page0>page1>page2>page471>page534>page559","1",,,,,
"/page/page_565.html",,"page565","Page 565",,,,,"page0>page1>page2>page471","1",,,,,
"/page/page_566.html",,"page566","Page 566",,,,,"page0>page1>page2>page471>page565","1",,,,,
"/page/page_567.html",,"page567","Page 567",,,,,"page0>page1>page2>page471>page565>page566","1",,,,,
"/page/page_568.html",,"page568","Page 568",,,,,"page0>page1>page2>page471>page565>page566","1",,,,,
"/page/page_569.html",,"page569","Page 569",,,,,"page0>page1>page2>page471>page565>page566","1",,,,,
"/page/page_570.html",,"page570","Page 570",,,,,"page0>page1>page2>page471>page565>page566","1",,,,,
"/page/page_571.html",,"page571","Page 571",,,,,"page0>page1>page2>page471>page565>page566","1",,,,,
"/page/page_572.html",,"page572","Page 572",,,,,"page0>page1>page2>page471>page565","1",,,,,
"/page/page_573.html",,"page573","Page 573",,,,,"page0>page1>page2>page471>page565>page572","1",,,,,
"/page/page_574.html",,"page574","Page 574",,,,,"page0>page1>page2>page471>page565>page572","1",,,,,
"/page/page_575.html",,"page575","Page 575",,,,,"page0>page1>page2>page471>page565>page572","1",,,,,
"/page/page_576.html",,"page576","Page 576",,,,,"page0>page1>page2>page471>page565>page572","1",,,,,
"/page/page_577.html",,"page577","Page 577",,,,,"page0>page1>page2>page471>page565>page572","1",,,,,
"/page/page_578.html",,"page578","Page 578",,,,,"page0>page1>page2>page471>page565","1",,,,,
"/page/page_579.html",,"page579","Page 579",,,,,"page0>page1>page2>page471>page565>page578","1",,,,,
"/page/page_580.html",,"page580","Page 580",,,,,"page0>page1>page2>page471>page565>page578","1",,,,,
"/page/page_581.html",,"page581","Page 581",,,,,"page0>page1>page2>page471>page565>page578","1",,,,,
"/page/page_582.html",,"page582","Page 582",,,,,"page0>page1>page2>page471>page565>page578","1",,,,,
"/page/page_583.html",,"page583","Page 583",,,,,"page0>page1>page2>page471>page565>page578","1",,,,,
"/page/page_584.html",,"page584","Page 584",,,,,"page0>page1>page2>page471>page565","1",,,,,
"/page/page_585.html",,"page585","Page 585",,,,,"page0>page1>page2>page471>page565>page584","1",,,,,
"/page/page_586.html",,"page586","Page 586",,,,,"page0>page1>page2>page471>page565>page584","1",,,,,
"/page/page_587.html",,"page587","Page 587",,,,,"page0>page1>page2>page471>page565>page584","1",,,,,
"/page/page_588.html",,"page588","Page 588",,,,,"page0>page1>page2>page471>page565>page584","1",,,,,
"/page/page_589.html",,"page589","Page 589",,,,,"page0>page1>page2>page471>page565>page584","1",,,,,
"/page/page_590.html",,"page590","Page 590",,,,,"page0>page1>page2>page471>page565","1",,,,,
"/page/page_591.html",,"page591","Page 591",,,,,"page0>page1>page2>page471>page565>page590","1",,,,,
"/page/page_592.html",,"page592","Page 592",,,,,"page0>page1>page2>page471>page565>page590","1",,,,,
"/page/page_593.html",,"page593","Page 593",,,,,"page0>page1>page2>page471>page565>page590","1",,,,,
"/page/page_594.html",,"page594","Page 594",,,,,"page0>page1>page2>page471>page565>page590","1",,,,,
"/page/page_595.html",,"page595","Page 595",,,,,"page0>page1>page2>page471>page565>page590","1",,,,,
"/page/page_596.html",,"page596","Page 596",,,,,"page0>page1>page2>page471","1",,,,,
"/page/page_597.html",,"page597","Page 597",,,,,"page0>page1>page2>page471>page596","1",,,,,
"/page/page_598.html",,"page598","Page 598",,,,,"page0>page1>page2>page471>page596>page597","1",,,,,
"/page/page_599.html",,"page599","Page 599",,,,,"page0>page1>page2>page471>page596>page597","1",,,,,
"/page/page_600.html",,"page600","Page 600",,,,,"page0>page1>page2>page471>page596>page597","1",,,,,
"/page/page_601.html",,"page601","Page 601",,,,,"page0>page1>page2>page471>page596>page597","1",,,,,
"/page/page_602.html",,"page602","Page 602",,,,,"page0>page1>page2>page471>page596>page597","1",,,,,
"/page/page_603.html",,"page603","Page 603",,,,,"page0>page1>page2>page471>page596","1",,,,,
"/page/page_604.html",,"page604","Page 604",,,,,"page0>page1>page2>page471>page596>page603","1",,,,,
"/page/page_605.html",,"page605","Page 605",,,,,"page0>page1>page2>page471>page596>page603","1",,,,,
"/page/page_606.html",,"page606","Page 606",,,,,"page0>page1>page2>page471>page596>page603","1",,,,,
"/page/page_607.html",,"page607","Page 607",,,,,"page0>page1>page2>page471>page596>page603","1",,,,,
"/page/page_608.html",,"page608","Page 608",,,,,"page0>page1>page2>page471>page596>page603","1",,,,,
"/page/page_609.html",,"page609","Page 609",,,,,"page0>page1>page2>page471>page596","1",,,,,
"/page/page_610.html",,"page610","Page 610",,,,,"page0>page1>page2>page471>page596>page609","1",,,,,
"/page/page_611.html",,"page611","Page 611",,,,,"page0>page1>page2>page471>page596>page609","1",,,,,
"/page/page_612.html",,"page612","Page 612",,,,,"page0>page1>page2>page471>page596>page609","1",,,,,
"/page/page_613.html",,"page613","Page 613",,,,,"page0>page1>page2>page471>page596>page609","1",,,,,
"/page/page_614.html",,"page614","Page 614",,,,,"page0>page1>page2>page471>page596>page609","1",,,,,
"/page/page_615.html",,"page615","Page 615",,,,,"page0>page1>page2>page471>page596","1",,,,,
"/page/page_616.html",,"page616","Page 616",,,,,"page0>page1>page2>page471>page596>page615","1",,,,,
"/page/page_617.html",,"page617","Page 617",,,,,"page0>page1>page2>page471>page596>page615","1",,,,,
"/page/page_618.html",,"page618","Page 618",,,,,"page0>page1>page2>page471>page596>page615","1",,,,,
"/page/page_619.html",,"page619","Page 619",,,,,"page0>page1>page2>page471>page596>page615","1",,,,,
"/page/page_620.html",,"page620","Page 620",,,,,"page0>page1>page2>page471>page596>page615","1",,,,,
"/page/page_621.html",,"page621","Page 621",,,,,"page0>page1>page2>page471>page596","1",,,,,
"/page/page_622.html",,"page622","Page 622",,,,,"page0>page1>page2>page471>page596>page621","1",,,,,
"/page/page_623.html",,"page623","Page 623",,,,,"page0>page1>page2>page471>page596>page621","1",,,,,
"/page/page_624.html",,"page624","Page 624",,,,,"page0>page1>page2>page471>page596>page621","1",,,,,
"/page/page_625.html",,"page625","Page 625",,,,,"page0>page1>page2>page471>page596>page621","1",,,,,
"/page/page_626.html",,"page626","Page 626",,,,,"page0>page1>page2>page471>page596>page621","1",,,,,
"/page/page_627.html",,"page627","Page 627",,,,,"page0>page1>page2","1",,,,,
"/page/page_628.html",,"page628","Page 628",,,,,"page0>page1>page2>page627","1",,,,,
"/page/page_629.html",,"page629","Page 629",,,,,"page0>page1>page2>page627>page628","1",,,,,
"/page/page_630.html",,"page630","Page 630",,,,,"page0>page1>page2>page627>page628>page629","1",,,,,
"/page/page_631.html",,"page631","Page 631",,,,,"page0>page1>page2>page627>page628>page629","1",,,,,
"/page/page_632.html",,"page632","Page 632",,,,,"page0>page1>page2>page627>page628>page629","1",,,,,
"/page/page_633.html",,"page633","Page 633",,,,,"page0>page1>page2>page627>page628>page629","1",,,,,
"/page/page_634.html",,"page634","Page 634",,,,,"page0>page1>page2>page627>page628>page629","1",,,,,
"/page/page_635.html",,"page635","Page 635",,,,,"page0>page1>page2>page627>page628","1",,,,,
"/page/page_636.html",,"page636","Page 636",,,,,"page0>page1>page2>page627>page628>page635","1",,,,,
"/page/page_637.html",,"page637","Page 637",,,,,"page0>page1>page2>page627>page628>page635","1",,,,,
"/page/page_638.html",,"page638","Page 638",,,,,"page0>page1>page2>page627>page628>page635","1",,,,,
"/page/page_639.html",,"page639","Page 639",,,,,"page0>page1>page2>page627>page628>page635","1",,,,,
"/page/page_640.html",,"page640","Page 640",,,,,"page0>page1>page2>page627>page628>page635","1",,,,,
"/page/page_641.html",,"page641","Page 641",,,,,"page0>page1>page2>page627>page628","1",,,,,
"/page/page_642.html",,"page642","Page 642",,,,,"page0>page1>page2>page627>page628>page641","1",,,,,
"/page/page_643.html",,"page643","Page 643",,,,,"page0>page1>page2>page627>page628>page641","1",,,,,
"/page/page_644.html",,"page644","Page 644",,,,,"page0>page1>page2>page627>page628>page641","1",,,,,
"/page/page_645.html",,"page645","Page 645",,,,,"page0>page1>page2>page627>page628>page641","1",,,,,
"/page/page_646.html",,"page646","Page 646",,,,,"page0>page1>page2>page627>page628>page641","1",,,,,
"/page/page_647.html",,"page647","Page 647",,,,,"page0>page1>page2>page627>page628","1",,,,,
"/page/page_648.html",,"page648","Page 648",,,,,"page0>page1>page2>page627>page628>page647","1",,,,,
"/page/page_649.html",,"page649","Page 649",,,,,"page0>page1>page2>page627>page628>page647","1",,,,,
"/page/page_650.html",,"page650","Page 650",,,,,"page0>page1>page2>page627>page628>page647","1",,,,,
"/page/page_651.html",,"page651","Page 651",,,,,"page0>page1>page2>page627>page628>page647","1",,,,,
"/page/page_652.html",,"page652","Page 652",,,,,"page0>page1>page2>page627>page628>page647","1",,,,,
"/page/page_653.html",,"page653","Page 653",,,,,"page0>page1>page2>page627>page628","1",,,,,
"/page/page_654.html",,"page654","Page 654",,,,,"page0>page1>page2>page627>page628>page653","1",,,,,
"/page/page_655.html",,"page655","Page 655",,,,,"page0>page1>page2>page627>page628>page653","1",,,,,
"/page/page_656.html",,"page656","Page 656",,,,,"page0>page1>page2>page627>page628>page653","1",,,,,
"/page/page_657.html",,"page657","Page 657",,,,,"page0>page1>page2>page627>page628>page653","1",,,,,
"/page/page_658.html",,"page658","Page 658",,,,,"page0>page1>page2>page627>page628>page653","1",,,,,
"/page/page_659.html",,"page659","Page 659",,,,,"page0>page1>page2>page627","1",,,,,
"/page/page_660.html",,"page660","Page 660",,,,,"page0>page1>page2>page627>page659","1",,,,,
"/page/page_661.html",,"page661","Page 661",,,,,"page0>page1>page2>page627>page659>page660","1",,,,,
"/page/page_662.html",,"page662","Page 662",,,,,"page0>page1>page2>page627>page659>page660","1",,,,,
"/page/page_663.html",,"page663","Page 663",,,,,"page0>page1>page2>page627>page659>page660","1",,,,,
"/page/page_664.html",,"page664","Page 664",,,,,"page0>page1>page2>page627>page659>page660","1",,,,,
"/page/page_665.html",,"page665","Page 665",,,,,"page0>page1>page2>page627>page659>page660","1",,,,,
"/page/page_666.html",,"page666","Page 666",,,,,"page0>page1>page2>page627>page659","1",,,,,
"/page/page_667.html",,"page667","Page 667",,,,,"page0>page1>page2>page627>page659>page666","1",,,,,
"/page/page_668.html",,"page668","Page 668",,,,,"page0>page1>page2>page627>page659>page666","1",,,,,
"/page/page_669.html",,"page669","Page 669",,,,,"page0>page1>page2>page627>page659>page666","1",,,,,
"/page/page_670.html",,"page670","Page 670",,,,,"page0>page1>page2>page627>page659>page666","1",,,,,
"/page/page_671.html",,"page671","Page 671",,,,,"page0>page1>page2>page627>page659>page666","1",,,,,
"/page/page_672.html",,"page672","Page 672",,,,,"page0>page1>page2>page627>page659","1",,,,,
"/page/page_673.html",,"page673","Page 673",,,,,"page0>page1>page2>page627>page659>page672","1",,,,,
"/page/page_674.html",,"page674","Page 674",,,,,"page0>page1>page2>page627>page659>page672","1",,,,,
"/page/page_675.html",,"page675","Page 675",,,,,"page0>page1>page2>page627>page659>page672","1",,,,,
"/page/page_676.html",,"page676","Page 676",,,,,"page0>page1>page2>page627>page659>page672","1",,,,,
"/page/page_677.html",,"page677","Page 677",,,,,"page0>page1>page2>page627>page659>page672","1",,,,,
"/page/page_678.html",,"page678","Page 678",,,,,"page0>page1>page2>page627>page659","1",,,,,
"/page/page_679.html",,"page679","Page 679",,,,,"page0>page1>page2>page627>page659>page678","1",,,,,
"/page/page_680.html",,"page680","Page 680",,,,,"page0>page1>page2>page627>page659>page678","1",,,,,
"/page/page_681.html",,"page681","Page 681",,,,,"page0>page1>page2>page627>page659>page678","1",,,,,
"/page/page_682.html",,"page682","Page 682",,,,,"page0>page1>page2>page627>page659>page678","1",,,,,
"/page/page_683.html",,"page683","Page 683",,,,,"page0>page1>page2>page627>page659>page678","1",,,,,
"/page/page_684.html",,"page684","Page 684",,,,,"page0>page1>page2>page627>page659","1",,,,,
"/page/page_685.html",,"page685","Page 685",,,,,"page0>page1>page2>page627>page659>page684","1",,,,,
"/page/page_686.html",,"page686","Page 686",,,,,"page0>page1>page2>page627>page659>page684","1",,,,,
"/page/page_687.html",,"page687","Page 687",,,,,"page0>page1>page2>page627>page659>page684","1",,,,,
"/page/page_688.html",,"page688","Page 688",,,,,"page0>page1>page2>page627>page659>page684","1",,,,,
"/page/page_689.html",,"page689","Page 689",,,,,"page0>page1>page2>page627>page659>page684","1",,,,,
"/page/page_690.html",,"page690","Page 690",,,,,"page0>page1>page2>page627","1",,,,,
"/page/page_691.html",,"page691","Page 691",,,,,"page0>page1>page2>page627>page690","1",,,,,
"/page/page_692.html",,"page692","Page 692",,,,,"page0>page1>page2>page627>page690>page691","1",,,,,
"/page/page_693.html",,"page693","Page 693",,,,,"page0>page1>page2>page627>page690>page691","1",,,,,
"/page/page_694.html",,"page694","Page 694",,,,,"page0>page1>page2>page627>page690>page691","1",,,,,
"/page/page_695.html",,"page695","Page 695",,,,,"page0>page1>page2>page627>page690>page691","1",,,,,
"/page/page_696.html",,"page696","Page 696",,,,,"page0>page1>page2>page627>page690>page691","1",,,,,
"/page/page_697.html",,"page697","Page 697",,,,,"page0>page1>page2>page627>page690","1",,,,,
"/page/page_698.html",,"page698","Page 698",,,,,"page0>page1>page2>page627>page690>page697","1",,,,,
"/page/page_699.html",,"page699","Page 699",,,,,"page0>page1>page2>page627>page690>page697","1",,,,,
"/page/page_700.html",,"page700","Page 700",,,,,"page0>page1>page2>page627>page690>page697","1",,,,,
"/page/page_701.html",,"page701","Page 701",,,,,"page0>page1>page2>page627>page690>page697","1",,,,,
"/page/page_702.html",,"page702","Page 702",,,,,"page0>page1>page2>page627>page690>page697","1",,,,,
"/page/page_703.html",,"page703","Page 703",,,,,"page0>page1>page2>page627>page690","1",,,,,
"/page/page_704.html",,"page704","Page 704",,,,,"page0>page1>page2>page627>page690>page703","1",,,,,
"/page/page_705.html",,"page705","Page 705",,,,,"page0>page1>page2>page627>page690>page703","1",,,,,
"/page/page_706.html",,"page706","Page 706",,,,,"page0>page1>page2>page627>page690>page703","1",,,,,
"/page/page_707.html",,"page707","Page 707",,,,,"page0>page1>page2>page627>page690>page703","1",,,,,
"/page/page_708.html",,"page708","Page 708",,,,,"page0>page1>page2>page627>page690>page703","1",,,,,
"/page/page_709.html",,"page709","Page 709",,,,,"page0>page1>page2>page627>page690","1",,,,,
"/page/page_710.html",,"page710","Page 710",,,,,"page0>page1>page2>page627>page690>page709","1",,,,,
"/page/page_711.html",,"page711","Page 711",,,,,"page0>page1>page2>page627>page690>page709","1",,,,,
"/page/page_712.html",,"page712","Page 712",,,,,"page0>page1>page2>page627>page690>page709","1",,,,,
"/page/page_713.html",,"page713","Page 713",,,,,"page0>page1>page2>page627>page690>page709","1",,,,,
"/page/page_714.html",,"page714","Page 714",,,,,"page0>page1>page2>page627>page690>page709","1",,,,,
"/page/page_715.html",,"page715","Page 715",,,,,"page0>page1>page2>page627>page690","1",,,,,
"/page/page_716.html",,"page716","Page 716",,,,,"page0>page1>page2>page627>page690>page715","1",,,,,
"/page/page_717.html",,"page717","Page 717",,,,,"page0>page1>page2>page627>page690>page715","1",,,,,
"/page/page_718.html",,"page718","Page 718",,,,,"page0>page1>page2>page627>page690>page715","1",,,,,
"/page/page_719.html",,"page719","Page 719",,,,,"page0>page1>page2>page627>page690>page715","1",,,,,
"/page/page_720.html",,"page720","Page 720",,,,,"page0>page1>page2>page627>page690>page715","1",,,,,
"/page/page_721.html",,"page721","Page 721",,,,,"page0>page1>page2>page627","1",,,,,
"/page/page_722.html",,"page722","Page 722",,,,,"page0>page1>page2>page627>page721","1",,,,,
"/page/page_723.html",,"page723","Page 723",,,,,"page0>page1>page2>page627>page721>page722","1",,,,,
"/page/page_724.html",,"page724","Page 724",,,,,"page0>page1>page2>page627>page721>page722","1",,,,,
"/page/page_725.html",,"page725","Page 725",,,,,"page0>page1>page2>page627>page721>page722","1",,,,,
"/page/page_726.html",,"page726","Page 726",,,,,"page0>page1>page2>page627>page721>page722","1",,,,,
"/page/page_727.html",,"page727","Page 727",,,,,"page0>page1>page2>page627>page721>page722","1",,,,,
"/page/page_728.html",,"page728","Page 728",,,,,"page0>page1>page2>page627>page721","1",,,,,
"/page/page_729.html",,"page729","Page 729",,,,,"page0>page1>page2>page627>page721>page728","1",,,,,
"/page/page_730.html",,"page730","Page 730",,,,,"page0>page1>page2>page627>page721>page728","1",,,,,
"/page/page_731.html",,"page731","Page 731",,,,,"page0>page1>page2>page627>page721>page728","1",,,,,
"/page/page_732.html",,"page732","Page 732",,,,,"page0>page1>page2>page627>page721>page728","1",,,,,
"/page/page_733.html",,"page733","Page 733",,,,,"page0>page1>page2>page627>page721>page728","1",,,,,
"/page/page_734.html",,"page734","Page 734",,,,,"page0>page1>page2>page627>page721","1",,,,,
"/page/page_735.html",,"page735","Page 735",,,,,"page0>page1>page2>page627>page721>page734","1",,,,,
"/page/page_736.html",,"page736","Page 736",,,,,"page0>page1>page2>page627>page721>page734","1",,,,,
"/page/page_737.html",,"page737","Page 737",,,,,"page0>page1>page2>page627>page721>page734","1",,,,,
"/page/page_738.html",,"page738","Page 738",,,,,"page0>page1>page2>page627>page721>page734","1",,,,,
"/page/page_739.html",,"page739","Page 739",,,,,"page0>page1>page2>page627>page721>page734","1",,,,,
"/page/page_740.html",,"page740","Page 740",,,,,"page0>page1>page2>page627>page721","1",,,,,
"/page/page_741.html",,"page741","Page 741",,,,,"page0>page1>page2>page627>page721>page740","1",,,,,
"/page/page_742.html",,"page742","Page 742",,,,,"page0>page1>page2>page627>page721>page740","1",,,,,
"/page/page_743.html",,"page743","Page 743",,,,,"page0>page1>page2>page627>page721>page740","1",,,,,
"/page/page_744.html",,"page744","Page 744",,,,,"page0>page1>page2>page627>page721>page740","1",,,,,
"/page/page_745.html",,"page745","Page 745",,,,,"page0>page1>page2>page627>page721>page740","1",,,,,
"/page/page_746.html",,"page746","Page 746",,,,,"page0>page1>page2>page627>page721","1",,,,,
"/page/page_747.html",,"page747","Page 747",,,,,"page0>page1>page2>page627>page721>page746","1",,,,,
"/page/page_748.html",,"page748","Page 748",,,,,"page0>page1>page2>page627>page721>page746","1",,,,,
"/page/page_749.html",,"page749","Page 749",,,,,"page0>page1>page2>page627>page721>page746","1",,,,,
"/page/page_750.html",,"page750","Page 750",,,,,"page0>page1>page2>page627>page721>page746","1",,,,,
"/page/page_751.html",,"page751","Page 751",,,,,"page0>page1>page2>page627>page721>page746","1",,,,,
"/page/page_752.html",,"page752","Page 752",,,,,"page0>page1>page2>page627","1",,,,,
"/page/page_753.html",,"page753","Page 753",,,,,"page0>page1>page2>page627>page752","1",,,,,
"/page/page_754.html",,"page754","Page 754",,,,,"page0>page1>page2>page627>page752>page753","1",,,,,
"/page/page_755.html",,"page755","Page 755",,,,,"page0>page1>page2>page627>page752>page753","1",,,,,
"/page/page_756.html",,"page756","Page 756",,,,,"page0>page1>page2>page627>page752>page753","1",,,,,
"/page/page_757.html",,"page757","Page 757",,,,,"page0>page1>page2>page627>page752>page753","1",,,,,
"/page/page_758.html",,"page758","Page 758",,,,,"page0>page1>page2>page627>page752>page753","1",,,,,
"/page/page_759.html",,"page759","Page 759",,,,,"page0>page1>page2>page627>page752","1",,,,,
"/page/page_760.html",,"page760","Page 760",,,,,"page0>page1>page2>page627>page752>page759","1",,,,,
"/page/page_761.html",,"page761","Page 761",,,,,"page0>page1>page2>page627>page752>page759","1",,,,,
"/page/page_762.html",,"page762","Page 762",,,,,"page0>page1>page2>page627>page752>page759","1",,,,,
"/page/page_763.html",,"page763","Page 763",,,,,"page0>page1>page2>page627>page752>page759","1",,,,,
"/page/page_764.html",,"page764","Page 764",,,,,"page0>page1>page2>page627>page752>page759","1",,,,,
"/page/page_765.html",,"page765","Page 765",,,,,"page0>page1>page2>page627>page752","1",,,,,
"/page/page_766.html",,"page766","Page 766",,,,,"page0>page1>page2>page627>page752>page765","1",,,,,
"/page/page_767.html",,"page767","Page 767",,,,,"page0>page1>page2>page627>page752>page765","1",,,,,
"/page/page_768.html",,"page768","Page 768",,,,,"page0>page1>page2>page627>page752>page765","1",,,,,
"/page/page_769.html",,"page769","Page 769",,,,,"page0>page1>page2>page627>page752>page765","1",,,,,
"/page/page_770.html",,"page770","Page 770",,,,,"page0>page1>page2>page627>page752>page765","1",,,,,
"/page/page_771.html",,"page771","Page 771",,,,,"page0>page1>page2>page627>page752","1",,,,,
"/page/page_772.html",,"page772","Page 772",,,,,"page0>page1>page2>page627>page752>page771","1",,,,,
"/page/page_773.html",,"page773","Page 773",,,,,"page0>page1>page2>page627>page752>page771","1",,,,,
"/page/page_774.html",,"page774","Page 774",,,,,"page0>page1>page2>page627>page752>page771","1",,,,,
"/page/page_775.html",,"page775","Page 775",,,,,"page0>page1>page2>page627>page752>page771","1",,,,,
"/page/page_776.html",,"page776","Page 776",,,,,"page0>page1>page2>page627>page752>page771","1",,,,,
"/page/page_777.html",,"page777","Page 777",,,,,"page0>page1>page2>page627>page752","1",,,,,
"/page/page_778.html",,"page778","Page 778",,,,,"page0>page1>page2>page627>page752>page777","1",,,,,
"/page/page_779.html",,"page779","Page 779",,,,,"page0>page1>page2>page627>page752>page777","1",,,,,
"/page/page_780.html",,"page780","Page 780",,,,,"page0>page1>page2>page627>page752>page777","1",,,,,
"/page/page_781.html",,"page781","Page 781",,,,,"page0>page1>page2>page627>page752>page777","1",,,,,
"/page/page_782.html",,"page782","Page 782",,,,,"page0>page1>page2>page627>page752>page777","1",,,,,
"/page/page_783.html",,"page783","Page 783",,,,,"page0>page1","1",,,,,
"/page/page_784.html",,"page784","Page 784",,,,,"page0>page1>page783","1",,,,,
"/page/page_785.html",,"page785","Page 785",,,,,"page0>page1>page783>page784","1",,,,,
"/page/page_786.html",,"page786","Page 786",,,,,"page0>page1>page783>page784>page785","1",,,,,
"/page/page_787.html",,"page787","Page 787",,,,,"page0>page1>page783>page784>page785>page786","1",,,,,
"/page/page_788.html",,"page788","Page 788",,,,,"page0>page1>page783>page784>page785>page786","1",,,,,
"/page/page_789.html",,"page789","Page 789",,,,,"page0>page1>page783>page784>page785>page786","1",,,,,
"/page/page_790.html",,"page790","Page 790",,,,,"page0>page1>page783>page784>page785>page786","1",,,,,
"/page/page_791.html",,"page791","Page 791",,,,,"page0>page1>page783>page784>page785>page786","1",,,,,
"/page/page_792.html",,"page792","Page 792",,,,,"page0>page1>page783>page784>page785","1",,,,,
"/page/page_793.html",,"page793","Page 793",,,,,"page0>page1>page783>page784>page785>page792","1",,,,,
"/page/page_794.html",,"page794","Page 794",,,,,"page0>page1>page783>page784>page785>page792","1",,,,,
"/page/page_795.html",,"page795","Page 795",,,,,"page0>page1>page783>page784>page785>page792","1",,,,,
"/page/page_796.html",,"page796","Page 796",,,,,"page0>page1>page783>page784>page785>page792","1",,,,,
"/page/page_797.html",,"page797","Page 797",,,,,"page0>page1>page783>page784>page785>page792","1",,,,,
"/page/page_798.html",,"page798","Page 798",,,,,"page0>page1>page783>page784>page785","1",,,,,
"/page/page_799.html",,"page799","Page 799",,,,,"page0>page1>page783>page784>page785>page798","1",,,,,
"/page/page_800.html",,"page800","Page 800",,,,,"page0>page1>page783>page784>page785>page798","1",,,,,
"/page/page_801.html",,"page801","Page 801",,,,,"page0>page1>page783>page784>page785>page798","1",,,,,
"/page/page_802.html",,"page802","Page 802",,,,,"page0>page1>page783>page784>page785>page798","1",,,,,
"/page/page_803.html",,"page803","Page 803",,,,,"page0>page1>page783>page784>page785>page798","1",,,,,
"/page/page_804.html",,"page804","Page 804",,,,,"page0>page1>page783>page784>page785","1",,,,,
"/page/page_805.html",,"page805","Page 805",,,,,"page0>page1>page783>page784>page785>page804","1",,,,,
"/page/page_806.html",,"page806","Page 806",,,,,"page0>page1>page783>page784>page785>page804","1",,,,,
"/page/page_807.html",,"page807","Page 807",,,,,"page0>page1>page783>page784>page785>page804","1",,,,,
"/page/page_808.html",,"page808","Page 808",,,,,"page0>page1>page783>page784>page785>page804","1",,,,,
"/page/page_809.html",,"page809","Page 809",,,,,"page0>page1>page783>page784>page785>page804","1",,,,,
"/page/page_810.html",,"page810","Page 810",,,,,"page0>page1>page783>page784>page785","1",,,,,
"/page/page_811.html",,"page811","Page 811",,,,,"page0>page1>page783>page784>page785>page810","1",,,,,
"/page/page_812.html",,"page812","Page 812",,,,,"page0>page1>page783>page784>page785>page810","1",,,,,
"/page/page_813.html",,"page813","Page 813",,,,,"page0>page1>page783>page784>page785>page810","1",,,,,
"/page/page_814.html",,"page814","Page 814",,,,,"page0>page1>page783>page784>page785>page810","1",,,,,
"/page/page_815.html",,"page815","Page 815",,,,,"page0>page1>page783>page784>page785>page810","1",,,,,
"/page/page_816.html",,"page816","Page 816",,,,,"page0>page1>page783>page784","1",,,,,
"/page/page_817.html",,"page817","Page 817",,,,,"page0>page1>page783>page784>page816","1",,,,,
"/page/page_818.html",,"page818","Page 818",,,,,"page0>page1>page783>page784>page816>page817","1",,,,,
"/page/page_819.html",,"page819","Page 819",,,,,"page0>page1>page783>page784>page816>page817","1",,,,,
"/page/page_820.html",,"page820","Page 820",,,,,"page0>page1>page783>page784>page816>page817","1",,,,,
"/page/page_821.html",,"page821","Page 821",,,,,"page0>page1>page783>page784>page816>page817","1",,,,,
"/page/page_822.html",,"page822","Page 822",,,,,"page0>page1>page783>page784>page816>page817","1",,,,,
"/page/page_823.html",,"page823","Page 823",,,,,"page0>page1>page783>page784>page816","1",,,,,
"/page/page_824.html",,"page824","Page 824",,,,,"page0>page1>page783>page784>page816>page823","1",,,,,
"/page/page_825.html",,"page825","Page 825",,,,,"page0>page1>page783>page784>page816>page823","1",,,,,
"/page/page_826.html",,"page826","Page 826",,,,,"page0>page1>page783>page784>page816>page823","1",,,,,
"/page/page_827.html",,"page827","Page 827",,,,,"page0>page1>page783>page784>page816>page823","1",,,,,
"/page/page_828.html",,"page828","Page 828",,,,,"page0>page1>page783>page784>page816>page823","1",,,,,
"/page/page_829.html",,"page829","Page 829",,,,,"page0>page1>page783>page784>page816","1",,,,,
"/page/page_830.html",,"page830","Page 830",,,,,"page0>page1>page783>page784>page816>page829","1",,,,,
"/page/page_831.html",,"page831","Page 831",,,,,"page0>page1>page783>page784>page816>page829","1",,,,,
"/page/page_832.html",,"page832","Page 832",,,,,"page0>page1>page783>page784>page816>page829","1",,,,,
"/page/page_833.html",,"page833","Page 833",,,,,"page0>page1>page783>page784>page816>page829","1",,,,,
"/page/page_834.html",,"page834","Page 834",,,,,"page0>page1>page783>page784>page816>page829","1",,,,,
"/page/page_835.html",,"page835","Page 835",,,,,"page0>page1>page783>page784>page816","1",,,,,
"/page/page_836.html",,"page836","Page 836",,,,,"page0>page1>page783>page784>page816>page835","1",,,,,
"/page/page_837.html",,"page837","Page 837",,,,,"page0>page1>page783>page784>page816>page835","1",,,,,
"/page/page_838.html",,"page838","Page 838",,,,,"page0>page1>page783>page784>page816>page835","1",,,,,
"/page/page_839.html",,"page839","Page 839",,,,,"page0>page1>page783>page784>page816>page835","1",,,,,
"/page/page_840.html",,"page840","Page 840",,,,,"page0>page1>page783>page784>page816>page835","1",,,,,
"/page/page_841.html",,"page841","Page 841",,,,,"page0>page1>page783>page784>page816","1",,,,,
"/page/page_842.html",,"page842","Page 842",,,,,"page0>page1>page783>page784>page816>page841","1",,,,,
"/page/page_843.html",,"page843","Page 843",,,,,"page0>page1>page783>page784>page816>page841","1",,,,,
"/page/page_844.html",,"page844","Page 844",,,,,"page0>page1>page783>page784>page816>page841","1",,,,,
"/page/page_845.html",,"page845","Page 845",,,,,"page0>page1>page783>page784>page816>page841","1",,,,,
"/page/page_846.html",,"page846","Page 846",,,,,"page0>page1>page783>page784>page816>page841","1",,,,,
"/page/page_847.html",,"page847","Page 847",,,,,"page0>page1>page783>page784","1",,,,,
"/page/page_848.html",,"page848","Page 848",,,,,"page0>page1>page783>page784>page847","1",,,,,
"/page/page_849.html",,"page849","Page 849",,,,,"page0>page1>page783>page784>page847>page848","1",,,,,
"/page/page_850.html",,"page850","Page 850",,,,,"page0>page1>page783>page784>page847>page848","1",,,,,
"/page/page_851.html",,"page851","Page 851",,,,,"page0>page1>page783>page784>page847>page848","1",,,,,
"/page/page_852.html",,"page852","Page 852",,,,,"page0>page1>page783>page784>page847>page848","1",,,,,
"/page/page_853.html",,"page853","Page 853",,,,,"page0>page1>page783>page784>page847>page848","1",,,,,
"/page/page_854.html",,"page854","Page 854",,,,,"page0>page1>page783>page784>page847","1",,,,,
"/page/page_855.html",,"page855","Page 855",,,,,"page0>page1>page783>page784>page847>page854","1",,,,,
"/page/page_856.html",,"page856","Page 856",,,,,"page0>page1>page783>page784>page847>page854","1",,,,,
"/page/page_857.html",,"page857","Page 857",,,,,"page0>page1>page783>page784>page847>page854","1",,,,,
"/page/page_858.html",,"page858","Page 858",,,,,"page0>page1>page783>page784>page847>page854","1",,,,,
"/page/page_859.html",,"page859","Page 859",,,,,"page0>page1>page783>page784>page847>page854","1",,,,,
"/page/page_860.html",,"page860","Page 860",,,,,"page0>page1>page783>page784>page847","1",,,,,
"/page/page_861.html",,"page861","Page 861",,,,,"page0>page1>page783>page784>page847>page860","1",,,,,
"/page/page_862.html",,"page862","Page 862",,,,,"page0>page1>page783>page784>page847>page860","1",,,,,
"/page/page_863.html",,"page863","Page 863",,,,,"page0>page1>page783>page784>page847>page860","1",,,,,
"/page/page_864.html",,"page864","Page 864",,,,,"page0>page1>page783>page784>page847>page860","1",,,,,
"/page/page_865.html",,"page865","Page 865",,,,,"page0>page1>page783>page784>page847>page860","1",,,,,
"/page/page_866.html",,"page866","Page 866",,,,,"page0>page1>page783>page784>page847","1",,,,,
"/page/page_867.html",,"page867","Page 867",,,,,"page0>page1>page783>page784>page847>page866","1",,,,,
"/page/page_868.html",,"page868","Page 868",,,,,"page0>page1>page783>page784>page847>page866","1",,,,,
"/page/page_869.html",,"page869","Page 869",,,,,"page0>page1>page783>page784>page847>page866","1",,,,,
"/page/page_870.html",,"page870","Page 870",,,,,"page0>page1>page783>page784>page847>page866","1",,,,,
"/page/page_871.html",,"page871","Page 871",,,,,"page0>page1>page783>page784>page847>page866","1",,,,,
"/page/page_872.html",,"page872","Page 872",,,,,"page0>page1>page783>page784>page847","1",,,,,
"/page/page_873.html",,"page873","Page 873",,,,,"page0>page1>page783>page784>page847>page872","1",,,,,
"/page/page_874.html",,"page874","Page 874",,,,,"page0>page1>page783>page784>page847>page872","1",,,,,
"/page/page_875.html",,"page875","Page 875",,,,,"page0>page1>page783>page784>page847>page872","1",,,,,
"/page/page_876.html",,"page876","Page 876",,,,,"page0>page1>page783>page784>page847>page872","1",,,,,
"/page/page_877.html",,"page877","Page 877",,,,,"page0>page1>page783>page784>page847>page872","1",,,,,
"/page/page_878.html",,"page878","Page 878",,,,,"page0>page1>page783>page784","1",,,,,
"/page/page_879.html",,"page879","Page 879",,,,,"page0>page1>page783>page784>page878","1",,,,,
"/page/page_880.html",,"page880","Page 880",,,,,"page0>page1>page783>page784>page878>page879","1",,,,,
"/page/page_881.html",,"page881","Page 881",,,,,"page0>page1>page783>page784>page878>page879","1",,,,,
"/page/page_882.html",,"page882","Page 882",,,,,"page0>page1>page783>page784>page878>page879","1",,,,,
"/page/page_883.html",,"page883","Page 883",,,,,"page0>page1>page783>page784>page878>page879","1",,,,,
"/page/page_884.html",,"page884","Page 884",,,,,"page0>page1>page783>page784>page878>page879","1",,,,,
"/page/page_885.html",,"page885","Page 885",,,,,"page0>page1>page783>page784>page878","1",,,,,
"/page/page_886.html",,"page886","Page 886",,,,,"page0>page1>page783>page784>page878>page885","1",,,,,
"/page/page_887.html",,"page887","Page 887",,,,,"page0>page1>page783>page784>page878>page885","1",,,,,
"/page/page_888.html",,"page888","Page 888",,,,,"page0>page1>page783>page784>page878>page885","1",,,,,
"/page/page_889.html",,"page889","Page 889",,,,,"page0>page1>page783>page784>page878>page885","1",,,,,
"/page/page_890.html",,"page890","Page 890",,,,,"page0>page1>page783>page784>page878>page885","1",,,,,
"/page/page_891.html",,"page891","Page 891",,,,,"page0>page1>page783>page784>page878","1",,,,,
"/page/page_892.html",,"page892","Page 892",,,,,"page0>page1>page783>page784>page878>page891","1",,,,,
"/page/page_893.html",,"page893","Page 893",,,,,"page0>page1>page783>page784>page878>page891","1",,,,,
"/page/page_894.html",,"page894","Page 894",,,,,"page0>page1>page783>page784>page878>page891","1",,,,,
"/page/page_895.html",,"page895","Page 895",,,,,"page0>page1>page783>page784>page878>page891","1",,,,,
"/page/page_896.html",,"page896","Page 896",,,,,"page0>page1>page783>page784>page878>page891","1",,,,,
"/page/page_897.html",,"page897","Page 897",,,,,"page0>page1>page783>page784>page878","1",,,,,
"/page/page_898.html",,"page898","Page 898",,,,,"page0>page1>page783>page784>page878>page897","1",,,,,
"/page/page_899.html",,"page899","Page 899",,,,,"page0>page1>page783>page784>page878>page897","1",,,,,
"/page/page_900.html",,"page900","Page 900",,,,,"page0>page1>page783>page784>page878>page897","1",,,,,
"/page/page_901.html",,"page901","Page 901",,,,,"page0>page1>page783>page784>page878>page897","1",,,,,
"/page/page_902.html",,"page902","Page 902",,,,,"page0>page1>page783>page784>page878>page897","1",,,,,
"/page/page_903.html",,"page903","Page 903",,,,,"page0>page1>page783>page784>page878","1",,,,,
"/page/page_904.html",,"page904","Page 904",,,,,"page0>page1>page783>page784>page878>page903","1",,,,,
"/page/page_905.html",,"page905","Page 905",,,,,"page0>page1>page783>page784>page878>page903","1",,,,,
"/page/page_906.html",,"page906","Page 906",,,,,"page0>page1>page783>page784>page878>page903","1",,,,,
"/page/page_907.html",,"page907","Page 907",,,,,"page0>page1>page783>page784>page878>page903","1",,,,,
"/page/page_908.html",,"page908","Page 908",,,,,"page0>page1>page783>page784>page878>page903","1",,,,,
"/page/page_909.html",,"page909","Page 909",,,,,"page0>page1>page783>page784","1",,,,,
"/page/page_910.html",,"page910","Page 910",,,,,"page0>page1>page783>page784>page909","1",,,,,
"/page/page_911.html",,"page911","Page 911",,,,,"page0>page1>page783>page784>page909>page910","1",,,,,
"/page/page_912.html",,"page912","Page 912",,,,,"page0>page1>page783>page784>page909>page910","1",,,,,
"/page/page_913.html",,"page913","Page 913",,,,,"page0>page1>page783>page784>page909>page910","1",,,,,
"/page/page_914.html",,"page914","Page 914",,,,,"page0>page1>page783>page784>page909>page910","1",,,,,
"/page/page_915.html",,"page915","Page 915",,,,,"page0>page1>page783>page784>page909>page910","1",,,,,
"/page/page_916.html",,"page916","Page 916",,,,,"page0>page1>page783>page784>page909","1",,,,,
"/page/page_917.html",,"page917","Page 917",,,,,"page0>page1>page783>page784>page909>page916","1",,,,,
"/page/page_918.html",,"page918","Page 918",,,,,"page0>page1>page783>page784>page909>page916","1",,,,,
"/page/page_919.html",,"page919","Page 919",,,,,"page0>page1>page783>page784>page909>page916","1",,,,,
"/page/page_920.html",,"page920","Page 920",,,,,"page0>page1>page783>page784>page909>page916","1",,,,,
"/page/page_921.html",,"page921","Page 921",,,,,"page0>page1>page783>page784>page909>page916","1",,,,,
"/page/page_922.html",,"page922","Page 922",,,,,"page0>page1>page783>page784>page909","1",,,,,
"/page/page_923.html",,"page923","Page 923",,,,,"page0>page1>page783>page784>page909>page922","1",,,,,
"/page/page_924.html",,"page924","Page 924",,,,,"page0>page1>page783>page784>page909>page922","1",,,,,
"/page/page_925.html",,"page925","Page 925",,,,,"page0>page1>page783>page784>page909>page922","1",,,,,
"/page/page_926.html",,"page926","Page 926",,,,,"page0>page1>page783>page784>page909>page922","1",,,,,
"/page/page_927.html",,"page927","Page 927",,,,,"page0>page1>page783>page784>page909>page922","1",,,,,
"/page/page_928.html",,"page928","Page 928",,,,,"page0>page1>page783>page784>page909","1",,,,,
"/page/page_929.html",,"page929","Page 929",,,,,"page0>page1>page783>page784>page909>page928","1",,,,,
"/page/page_930.html",,"page930","Page 930",,,,,"page0>page1>page783>page784>page909>page928","1",,,,,
"/page/page_931.html",,"page931","Page 931",,,,,"page0>page1>page783>page784>page909>page928","1",,,,,
"/page/page_932.html",,"page932","Page 932",,,,,"page0>page1>page783>page784>page909>page928","1",,,,,
"/page/page_933.html",,"page933","Page 933",,,,,"page0>page1>page783>page784>page909>page928","1",,,,,
"/page/page_934.html",,"page934","Page 934",,,,,"page0>page1>page783>page784>page909","1",,,,,
"/page/page_935.html",,"page935","Page 935",,,,,"page0>page1>page783>page784>page909>page934","1",,,,,
"/page/page_936.html",,"page936","Page 936",,,,,"page0>page1>page783>page784>page909>page934","1",,,,,
"/page/page_937.html",,"page937","Page 937",,,,,"page0>page1>page783>page784>page909>page934","1",,,,,
"/page/page_938.html",,"page938","Page 938",,,,,"page0>page1>page783>page784>page909>page934","1",,,,,
"/page/page_939.html",,"page939","Page 939",,,,,"page0>page1>page783>page784>page909>page934","1",,,,,
"/page/page_940.html",,"page940","Page 940",,,,,"page0>page1>page783","1",,,,,
"/page/page_941.html",,"page941","Page 941",,,,,"page0>page1>page783>page940","1",,,,,
"/page/page_942.html",,"page942","Page 942",,,,,"page0>page1>page783>page940>page941","1",,,,,
"/page/page_943.html",,"page943","Page 943",,,,,"page0>page1>page783>page940>page941>page942","1",,,,,
"/page/page_944.html",,"page944","Page 944",,,,,"page0>page1>page783>page940>page941>page942","1",,,,,
"/page/page_945.html",,"page945","Page 945",,,,,"page0>page1>page783>page940>page941>page942","1",,,,,
"/page/page_946.html",,"page946","Page 946",,,,,"page0>page1>page783>page940>page941>page942","1",,,,,
"/page/page_947.html",,"page947","Page 947",,,,,"page0>page1>page783>page940>page941>page942","1",,,,,
"/page/page_948.html",,"page948","Page 948",,,,,"page0>page1>page783>page940>page941","1",,,,,
"/page/page_949.html",,"page949","Page 949",,,,,"page0>page1>page783>page940>page941>page948","1",,,,,
"/page/page_950.html",,"page950","Page 950",,,,,"page0>page1>page783>page940>page941>page948","1",,,,,
"/page/page_951.html",,"page951","Page 951",,,,,"page0>page1>page783>page940>page941>page948","1",,,,,
"/page/page_952.html",,"page952","Page 952",,,,,"page0>page1>page783>page940>page941>page948","1",,,,,
"/page/page_953.html",,"page953","Page 953",,,,,"page0>page1>page783>page940>page941>page948","1",,,,,
"/page/page_954.html",,"page954","Page 954",,,,,"page0>page1>page783>page940>page941","1",,,,,
"/page/page_955.html",,"page955","Page 955",,,,,"page0>page1>page783>page940>page941>page954","1",,,,,
"/page/page_956.html",,"page956","Page 956",,,,,"page0>page1>page783>page940>page941>page954","1",,,,,
"/page/page_957.html",,"page957","Page 957",,,,,"page0>page1>page783>page940>page941>page954","1",,,,,
"/page/page_958.html",,"page958","Page 958",,,,,"page0>page1>page783>page940>page941>page954","1",,,,,
"/page/page_959.html",,"page959","Page 959",,,,,"page0>page1>page783>page940>page941>page954","1",,,,,
"/page/page_960.html",,"page960","Page 960",,,,,"page0>page1>page783>page940>page941","1",,,,,
"/page/page_961.html",,"page961","Page 961",,,,,"page0>page1>page783>page940>page941>page960","1",,,,,
"/page/page_962.html",,"page962","Page 962",,,,,"page0>page1>page783>page940>page941>page960","1",,,,,
"/page/page_963.html",,"page963","Page 963",,,,,"page0>page1>page783>page940>page941>page960","1",,,,,
"/page/page_964.html",,"page964","Page 964",,,,,"page0>page1>page783>page940>page941>page960","1",,,,,
"/page/page_965.html",,"page965","Page 965",,,,,"page0>page1>page783>page940>page941>page960","1",,,,,
"/page/page_966.html",,"page966","Page 966",,,,,"page0>page1>page783>page940>page941","1",,,,,
"/page/page_967.html",,"page967","Page 967",,,,,"page0>page1>page783>page940>page941>page966","1",,,,,
"/page/page_968.html",,"page968","Page 968",,,,,"page0>page1>page783>page940>page941>page966","1",,,,,
"/page/page_969.html",,"page969","Page 969",,,,,"page0>page1>page783>page940>page941>page966","1",,,,,
"/page/page_970.html",,"page970","Page 970",,,,,"page0>page1>page783>page940>page941>page966","1",,,,,
"/page/page_971.html",,"page971","Page 971",,,,,"page0>page1>page783>page940>page941>page966","1",,,,,
"/page/page_972.html",,"page972","Page 972",,,,,"page0>page1>page783>page940","1",,,,,
"/page/page_973.html",,"page973","Page 973",,,,,"page0>page1>page783>page940>page972","1",,,,,
"/page/page_974.html",,"page974","Page 974",,,,,"page0>page1>page783>page940>page972>page973","1",,,,,
"/page/page_975.html",,"page975","Page 975",,,,,"page0>page1>page783>page940>page972>page973","1",,,,,
"/page/page_976.html",,"page976","Page 976",,,,,"page0>page1>page783>page940>page972>page973","1",,,,,
"/page/page_977.html",,"page977","Page 977",,,,,"page0>page1>page783>page940>page972>page973","1",,,,,
"/page/page_978.html",,"page978","Page 978",,,,,"page0>page1>page783>page940>page972>page973","1",,,,,
"/page/page_979.html",,"page979","Page 979",,,,,"page0>page1>page783>page940>page972","1",,,,,
"/page/page_980.html",,"page980","Page 980",,,,,"page0>page1>page783>page940>page972>page979","1",,,,,
"/page/page_981.html",,"page981","Page 981",,,,,"page0>page1>page783>page940>page972>page979","1",,,,,
"/page/page_982.html",,"page982","Page 982",,,,,"page0>page1>page783>page940>page972>page979","1",,,,,
"/page/page_983.html",,"page983","Page 983",,,,,"page0>page1>page783>page940>page972>page979","1",,,,,
"/page/page_984.html",,"page984","Page 984",,,,,"page0>page1>page783>page940>page972>page979","1",,,,,
"/page/page_985.html",,"page985","Page 985",,,,,"page0>page1>page783>page940>page972","1",,,,,
"/page/page_986.html",,"page986","Page 986",,,,,"page0>page1>page783>page940>page972>page985","1",,,,,
"/page/page_987.html",,"page987","Page 987",,,,,"page0>page1>page783>page940>page972>page985","1",,,,,
"/page/page_988.html",,"page988","Page 988",,,,,"page0>page1>page783>page940>page972>page985","1",,,,,
"/page/page_989.html",,"page989","Page 989",,,,,"page0>page1>page783>page940>page972>page985","1",,,,,
"/page/page_990.html",,"page990","Page 990",,,,,"page0>page1>page783>page940>page972>page985","1",,,,,
"/page/page_991.html",,"page991","Page 991",,,,,"page0>page1>page783>page940>page972","1",,,,,
"/page/page_992.html",,"page992","Page 992",,,,,"page0>page1>page783>page940>page972>page991","1",,,,,
"/page/page_993.html",,"page993","Page 993",,,,,"page0>page1>page783>page940>page972>page991","1",,,,,
"/page/page_994.html",,"page994","Page 994",,,,,"page0>page1>page783>page940>page972>page991","1",,,,,
"/page/page_995.html",,"page995","Page 995",,,,,"page0>page1>page783>page940>page972>page991","1",,,,,
"/page/page_996.html",,"page996","Page 996",,,,,"page0>page1>page783>page940>page972>page991","1",,,,,
"/page/page_997.html",,"page997","Page 997",,,,,"page0>page1>page783>page940>page972","1",,,,,
"/page/page_998.html",,"page998","Page 998",,,,,"page0>page1>page783>page940>page972>page997","1",,,,,
"/page/page_999.html",,"page999","Page 999",,,,,"page0>page1>page783>page940>page972>page997","1",,,,,
"/page/page_1000.html",,"page1000","Page 1000",,,,,"page0>page1>page783>page940>page972>page997","1",,,,,
